#2026 09 28 17:57:23.011#Z#INFO#0e88cb00-bb66-11f1-bf82-eeee0a9c991c.OPERATION#http-nio-0.0.0.0-8080-exec-1#
[XS2StartProcessListener] Operation ID: 0e88cb00-bb66-11f1-bf82-eeee0a9c991c#
#2026 09 28 17:57:23.078#Z#DEBUG#0e88cb00-bb66-11f1-bf82-eeee0a9c991c.OPERATION#http-nio-0.0.0.0-8080-exec-1#
[XS2StartProcessListener] Process environment: {
  "SKIP_SSL_VALIDATION" : "false",
  "FLOWABLE_JOB_EXECUTOR_MAX_THREADS" : "32",
  "VERSION" : "2.54.1",
  "BASIC_AUTH_ENABLED" : "true",
  "FLOWABLE_JOB_EXECUTOR_QUEUE_CAPACITY" : "16",
  "FLOWABLE_JOB_EXECUTOR_CORE_THREADS" : "8"
}#
#2026 09 28 17:57:23.078#Z#DEBUG#0e88cb00-bb66-11f1-bf82-eeee0a9c991c.OPERATION#http-nio-0.0.0.0-8080-exec-1#
[XS2StartProcessListener] Current user: ozodnx@gmail.com#
#2026 09 28 17:57:23.078#Z#DEBUG#0e88cb00-bb66-11f1-bf82-eeee0a9c991c.OPERATION#http-nio-0.0.0.0-8080-exec-1#
[XS2StartProcessListener] Client space: dev#
#2026 09 28 17:57:23.078#Z#DEBUG#0e88cb00-bb66-11f1-bf82-eeee0a9c991c.OPERATION#http-nio-0.0.0.0-8080-exec-1#
[XS2StartProcessListener] Client organization: 62e2a895trial#
#2026 09 28 17:57:23.078#Z#INFO#0e88cb00-bb66-11f1-bf82-eeee0a9c991c.OPERATION#http-nio-0.0.0.0-8080-exec-1#
[XS2StartProcessListener] Process variables: {
  "keepFiles" : false,
  "skipAppDigestCalculation" : false,
  "abortOnError" : false,
  "mtaId" : "warehouse-management",
  "noFailOnMissingPermissions" : false,
  "isSecurityEnabled" : false,
  "apiRequestPath" : "https://deploy-service.cf.ap21.hana.ondemand.com/api/v1/spaces/a0aa86ab-27d5-49c9-872a-5b495a8a9781/operations",
  "deleteServiceBrokers" : false,
  "appArchiveId" : "4d356bd0-dbd7-486b-8e60-b26a42202720",
  "isDisposableUserProvidedServiceEnabled" : false,
  "deleteServiceKeys" : false,
  "noRestartSubscribedApps" : false,
  "noStart" : false,
  "deleteServices" : false
}#
#2026 09 28 17:57:23.808#Z#DEBUG#0e88cb00-bb66-11f1-bf82-eeee0a9c991c.OPERATION#flowable-async-job-executor-thread-546#
[ValidateDeployParametersStep] Executing task "validateParametersTask" of process "0e88f236-bb66-11f1-bf82-eeee0a9c991c"...#
#2026 09 28 17:57:23.808#Z#DEBUG#0e88cb00-bb66-11f1-bf82-eeee0a9c991c.OPERATION#flowable-async-job-executor-thread-546#
[ValidateDeployParametersStep] Validating parameters...#
#2026 09 28 17:57:23.811#Z#INFO#0e88cb00-bb66-11f1-bf82-eeee0a9c991c.OPERATION#flowable-async-job-executor-thread-546#
[ValidateDeployParametersStep] Size of mtars is 5,758,089 and size of extension descriptors is 0#
#2026 09 28 17:57:24.101#Z#INFO#0e88cb00-bb66-11f1-bf82-eeee0a9c991c.OPERATION#flowable-async-job-executor-thread-546#
[ValidateDeployParametersStep] Archive was not split! Total size in bytes: 5,758,089#
#2026 09 28 17:57:24.101#Z#INFO#0e88cb00-bb66-11f1-bf82-eeee0a9c991c.OPERATION#flowable-async-job-executor-thread-546#
[ValidateDeployParametersStep] Deploying in org "62e2a895trial" and space "dev"#
#2026 09 28 17:57:24.111#Z#DEBUG#0e88cb00-bb66-11f1-bf82-eeee0a9c991c.OPERATION#flowable-async-job-executor-thread-546#
[ValidateDeployParametersStep] Parameters validated#
#2026 09 28 17:57:24.111#Z#DEBUG#0e88cb00-bb66-11f1-bf82-eeee0a9c991c.OPERATION#flowable-async-job-executor-thread-546#
Step "Validate Parameters" finished#
#2026 09 28 17:57:24.152#Z#DEBUG#0e88cb00-bb66-11f1-bf82-eeee0a9c991c.OPERATION#flowable-async-job-executor-thread-547#
[DeleteRemainingFileParts] Executing task "deleteRemainingFileParts" of process "0e88f236-bb66-11f1-bf82-eeee0a9c991c"...#
#2026 09 28 17:57:24.153#Z#DEBUG#0e88cb00-bb66-11f1-bf82-eeee0a9c991c.OPERATION#flowable-async-job-executor-thread-547#
Step "Delete Remaining File Parts" finished#
#2026 09 28 17:57:24.191#Z#DEBUG#0e88cb00-bb66-11f1-bf82-eeee0a9c991c.OPERATION#flowable-async-job-executor-thread-548#
[XS2ProcessMtaArchiveStep] Executing task "processArchiveTask" of process "0e88f236-bb66-11f1-bf82-eeee0a9c991c"...#
#2026 09 28 17:57:24.192#Z#DEBUG#0e88cb00-bb66-11f1-bf82-eeee0a9c991c.OPERATION#flowable-async-job-executor-thread-548#
[XS2ProcessMtaArchiveStep] Processing MTA archive...#
#2026 09 28 17:57:24.192#Z#DEBUG#0e88cb00-bb66-11f1-bf82-eeee0a9c991c.OPERATION#flowable-async-job-executor-thread-548#
[XS2ProcessMtaArchiveStep] MTA Archive ID: 4d356bd0-dbd7-486b-8e60-b26a42202720#
#2026 09 28 17:57:24.632#Z#DEBUG#0e88cb00-bb66-11f1-bf82-eeee0a9c991c.OPERATION#flowable-async-job-executor-thread-548#
[XS2ProcessMtaArchiveStep] MTA Descriptor length: 2,893#
#2026 09 28 17:57:24.632#Z#DEBUG#0e88cb00-bb66-11f1-bf82-eeee0a9c991c.OPERATION#flowable-async-job-executor-thread-548#
[XS2ProcessMtaArchiveStep] MTA Archive Modules: [warehouse-management-srv, warehouse-management-app-deployer, warehouse-management-db-deployer, warehouse-management]#
#2026 09 28 17:57:24.632#Z#DEBUG#0e88cb00-bb66-11f1-bf82-eeee0a9c991c.OPERATION#flowable-async-job-executor-thread-548#
[XS2ProcessMtaArchiveStep] MTA Archive Requires: []#
#2026 09 28 17:57:24.632#Z#DEBUG#0e88cb00-bb66-11f1-bf82-eeee0a9c991c.OPERATION#flowable-async-job-executor-thread-548#
[XS2ProcessMtaArchiveStep] MTA Archive Resources: [warehouse-management-auth]#
#2026 09 28 17:57:24.648#Z#DEBUG#0e88cb00-bb66-11f1-bf82-eeee0a9c991c.OPERATION#flowable-async-job-executor-thread-548#
[XS2ProcessMtaArchiveStep] MTA archive processed#
#2026 09 28 17:57:24.648#Z#DEBUG#0e88cb00-bb66-11f1-bf82-eeee0a9c991c.OPERATION#flowable-async-job-executor-thread-548#
Step "Process Archive" finished#
#2026 09 28 17:57:24.698#Z#DEBUG#0e88cb00-bb66-11f1-bf82-eeee0a9c991c.OPERATION#flowable-async-job-executor-thread-549#
[ProcessMtaExtensionDescriptorsStep] Executing task "processExtensionDescriptorsTask" of process "0e88f236-bb66-11f1-bf82-eeee0a9c991c"...#
#2026 09 28 17:57:24.699#Z#DEBUG#0e88cb00-bb66-11f1-bf82-eeee0a9c991c.OPERATION#flowable-async-job-executor-thread-549#
[ProcessMtaExtensionDescriptorsStep] Processing MTA extension descriptors...#
#2026 09 28 17:57:24.701#Z#DEBUG#0e88cb00-bb66-11f1-bf82-eeee0a9c991c.OPERATION#flowable-async-job-executor-thread-549#
[ProcessMtaExtensionDescriptorsStep] Provided extension descriptors: [ ]#
#2026 09 28 17:57:24.701#Z#DEBUG#0e88cb00-bb66-11f1-bf82-eeee0a9c991c.OPERATION#flowable-async-job-executor-thread-549#
[ProcessMtaExtensionDescriptorsStep] No extension descriptors in use#
#2026 09 28 17:57:24.701#Z#DEBUG#0e88cb00-bb66-11f1-bf82-eeee0a9c991c.OPERATION#flowable-async-job-executor-thread-549#
[ProcessMtaExtensionDescriptorsStep] MTA extension descriptors processed#
#2026 09 28 17:57:24.701#Z#DEBUG#0e88cb00-bb66-11f1-bf82-eeee0a9c991c.OPERATION#flowable-async-job-executor-thread-549#
Step "Process Extension Descriptors" finished#
#2026 09 28 17:57:24.741#Z#DEBUG#0e88cb00-bb66-11f1-bf82-eeee0a9c991c.OPERATION#flowable-async-job-executor-thread-550#
[XS2DetectMtaSchemaVersionStep] Executing task "detectSchemaVersionTask" of process "0e88f236-bb66-11f1-bf82-eeee0a9c991c"...#
#2026 09 28 17:57:24.742#Z#DEBUG#0e88cb00-bb66-11f1-bf82-eeee0a9c991c.OPERATION#flowable-async-job-executor-thread-550#
[XS2DetectMtaSchemaVersionStep] Detecting MTA major schema version...#
#2026 09 28 17:57:24.744#Z#INFO#0e88cb00-bb66-11f1-bf82-eeee0a9c991c.OPERATION#flowable-async-job-executor-thread-550#
[XS2DetectMtaSchemaVersionStep] Detected MTA schema version: "3"#
#2026 09 28 17:57:24.754#Z#DEBUG#0e88cb00-bb66-11f1-bf82-eeee0a9c991c.OPERATION#flowable-async-job-executor-thread-550#
Step "Detect Schema Version" finished#
#2026 09 28 17:57:24.801#Z#DEBUG#0e88cb00-bb66-11f1-bf82-eeee0a9c991c.OPERATION#flowable-async-job-executor-thread-551#
[MergeDescriptorsStep] Executing task "mergeDescriptorsTask" of process "0e88f236-bb66-11f1-bf82-eeee0a9c991c"...#
#2026 09 28 17:57:24.801#Z#DEBUG#0e88cb00-bb66-11f1-bf82-eeee0a9c991c.OPERATION#flowable-async-job-executor-thread-551#
[MergeDescriptorsStep] Validating and merging descriptors...#
#2026 09 28 17:57:24.806#Z#DEBUG#0e88cb00-bb66-11f1-bf82-eeee0a9c991c.OPERATION#flowable-async-job-executor-thread-551#
[MergeDescriptorsStep] Merged deployment descriptor: {
  "majorSchemaVersion" : 3,
  "schemaVersion" : "3.3.0",
  "id" : "warehouse-management",
  "version" : "1.0.0",
  "modules" : [ {
    "majorSchemaVersion" : 3,
    "name" : "warehouse-management-srv",
    "type" : "javascript.nodejs",
    "path" : "warehouse-management-srv",
    "properties" : { },
    "parameters" : {
      "buildpack" : "nodejs_buildpack",
      "instances" : 1
    },
    "requiredDependencies" : [ {
      "majorSchemaVersion" : 3,
      "name" : "********",
      "properties" : { },
      "parameters" : { },
      "propertiesMetadata" : {
        "metadata" : { }
      },
      "parametersMetadata" : {
        "metadata" : { }
      }
    }, {
      "majorSchemaVersion" : 3,
      "name" : "warehouse-management-db",
      "properties" : { },
      "parameters" : { },
      "propertiesMetadata" : {
        "metadata" : { }
      },
      "parametersMetadata" : {
        "metadata" : { }
      }
    } ],
    "providedDependencies" : [ {
      "majorSchemaVersion" : 3,
      "name" : "srv-api",
      "isPublic" : false,
      "properties" : {
        "srv-url" : "${default-url}"
      },
      "parameters" : { },
      "propertiesMetadata" : {
        "metadata" : { }
      },
      "parametersMetadata" : {
        "metadata" : { }
      }
    }, {
      "majorSchemaVersion" : 3,
      "name" : "warehouse-management-srv",
      "isPublic" : false,
      "properties" : { },
      "parameters" : { },
      "propertiesMetadata" : {
        "metadata" : { }
      },
      "parametersMetadata" : {
        "metadata" : { }
      }
    } ],
    "propertiesMetadata" : {
      "metadata" : { }
    },
    "parametersMetadata" : {
      "metadata" : { }
    },
    "hooks" : [ ]
  }, {
    "majorSchemaVersion" : 3,
    "name" : "warehouse-management-db-deployer",
    "type" : "com.sap.xs.hdi",
    "path" : "warehouse-management-db-deployer",
    "properties" : {
      "EXIT" : 1
    },
    "parameters" : {
      "memory" : "256M",
      "buildpack" : "nodejs_buildpack",
      "no-route" : true,
      "dependency-type" : "hard",
      "tasks" : [ {
        "name" : "deploy",
        "memory" : "256M",
        "command" : "npm start"
      } ],
      "no-start" : true
    },
    "requiredDependencies" : [ {
      "majorSchemaVersion" : 3,
      "name" : "warehouse-management-db",
      "properties" : { },
      "parameters" : { },
      "propertiesMetadata" : {
        "metadata" : { }
      },
      "parametersMetadata" : {
        "metadata" : { }
      }
    } ],
    "providedDependencies" : [ {
      "majorSchemaVersion" : 3,
      "name" : "warehouse-management-db-deployer",
      "isPublic" : false,
      "properties" : { },
      "parameters" : { },
      "propertiesMetadata" : {
        "metadata" : { }
      },
      "parametersMetadata" : {
        "metadata" : { }
      }
    } ],
    "propertiesMetadata" : {
      "metadata" : { }
    },
    "parametersMetadata" : {
      "metadata" : { }
    },
    "hooks" : [ ]
  }, {
    "majorSchemaVersion" : 3,
    "name" : "warehouse-management",
    "type" : "javascript.nodejs",
    "path" : "warehouse-management",
    "properties" : { },
    "parameters" : {
      "disk-quota" : "256M",
      "keep-existing-routes" : true,
      "memory" : "256M"
    },
    "requiredDependencies" : [ {
      "majorSchemaVersion" : 3,
      "name" : "srv-api",
      "group" : "destinations",
      "properties" : {
        "name" : "srv-api",
        "forwardAuthToken" : "********",
        "url" : "~{srv-url}"
      },
      "parameters" : { },
      "propertiesMetadata" : {
        "metadata" : { }
      },
      "parametersMetadata" : {
        "metadata" : { }
      }
    }, {
      "majorSchemaVersion" : 3,
      "name" : "********",
      "properties" : { },
      "parameters" : { },
      "propertiesMetadata" : {
        "metadata" : { }
      },
      "parametersMetadata" : {
        "metadata" : { }
      }
    }, {
      "majorSchemaVersion" : 3,
      "name" : "warehouse-management-html5-runtime",
      "properties" : { },
      "parameters" : { },
      "propertiesMetadata" : {
        "metadata" : { }
      },
      "parametersMetadata" : {
        "metadata" : { }
      }
    } ],
    "providedDependencies" : [ {
      "majorSchemaVersion" : 3,
      "name" : "app-api",
      "isPublic" : false,
      "properties" : {
        "app-protocol" : "${protocol}",
        "app-uri" : "${default-uri}"
      },
      "parameters" : { },
      "propertiesMetadata" : {
        "metadata" : { }
      },
      "parametersMetadata" : {
        "metadata" : { }
      }
    }, {
      "majorSchemaVersion" : 3,
      "name" : "warehouse-management",
      "isPublic" : false,
      "properties" : { },
      "parameters" : { },
      "propertiesMetadata" : {
        "metadata" : { }
      },
      "parametersMetadata" : {
        "metadata" : { }
      }
    } ],
    "propertiesMetadata" : {
      "metadata" : { }
    },
    "parametersMetadata" : {
      "metadata" : { }
    },
    "hooks" : [ ]
  }, {
    "majorSchemaVersion" : 3,
    "name" : "warehouse-management-app-deployer",
    "type" : "com.sap.application.content",
    "path" : "warehouse-management-app-deployer",
    "properties" : { },
    "parameters" : { },
    "requiredDependencies" : [ {
      "majorSchemaVersion" : 3,
      "name" : "********",
      "properties" : { },
      "parameters" : { },
      "propertiesMetadata" : {
        "metadata" : { }
      },
      "parametersMetadata" : {
        "metadata" : { }
      }
    }, {
      "majorSchemaVersion" : 3,
      "name" : "srv-api",
      "properties" : { },
      "parameters" : { },
      "propertiesMetadata" : {
        "metadata" : { }
      },
      "parametersMetadata" : {
        "metadata" : { }
      }
    }, {
      "majorSchemaVersion" : 3,
      "name" : "warehouse-management-html5-repo-host",
      "properties" : { },
      "parameters" : {
        "config" : {
          "HTML5Runtime_enabled" : true
        },
        "content-target" : true
      },
      "propertiesMetadata" : {
        "metadata" : { }
      },
      "parametersMetadata" : {
        "metadata" : { }
      }
    } ],
    "providedDependencies" : [ {
      "majorSchemaVersion" : 3,
      "name" : "warehouse-management-app-deployer",
      "isPublic" : false,
      "properties" : { },
      "parameters" : { },
      "propertiesMetadata" : {
        "metadata" : { }
      },
      "parametersMetadata" : {
        "metadata" : { }
      }
    } ],
    "propertiesMetadata" : {
      "metadata" : { }
    },
    "parametersMetadata" : {
      "metadata" : { }
    },
    "hooks" : [ ]
  } ],
  "resources" : [ {
    "majorSchemaVersion" : 3,
    "name" : "********",
    "type" : "org.cloudfoundry.managed-service",
    "properties" : { },
    "parameters" : {
      "path" : "./xs-security.json",
      "service-plan" : "application",
      "type" : "managed-service",
      "config" : {
        "oauth2-configuration" : "********",
        "role-collections" : [ {
          "description" : "generated",
          "name" : "WarehouseEmployee (warehouse-management ${org}-${space})",
          "role-template-references" : [ "$XSAPPNAME.WarehouseEmployee" ]
        }, {
          "description" : "generated",
          "name" : "WarehouseAdmin (warehouse-management ${org}-${space})",
          "role-template-references" : [ "$XSAPPNAME.WarehouseAdmin" ]
        } ],
        "tenant-mode" : "dedicated",
        "xsappname" : "warehouse-management-${org}-${space}"
      },
      "service" : "xsuaa"
    },
    "isActive" : true,
    "isOptional" : false,
    "propertiesMetadata" : {
      "metadata" : { }
    },
    "parametersMetadata" : {
      "metadata" : { }
    },
    "requiredDependencies" : [ {
      "majorSchemaVersion" : 3,
      "name" : "app-api",
      "properties" : { },
      "parameters" : { },
      "propertiesMetadata" : {
        "metadata" : { }
      },
      "parametersMetadata" : {
        "metadata" : { }
      }
    } ],
    "processedAfter" : [ ]
  }, {
    "majorSchemaVersion" : 3,
    "name" : "warehouse-management-db",
    "type" : "com.sap.xs.hdi-container",
    "properties" : { },
    "parameters" : {
      "type" : "managed-service",
      "service" : "hana",
      "service-plan" : "hdi-shared"
    },
    "isActive" : true,
    "isOptional" : false,
    "propertiesMetadata" : {
      "metadata" : { }
    },
    "parametersMetadata" : {
      "metadata" : { }
    },
    "requiredDependencies" : [ ],
    "processedAfter" : [ ]
  }, {
    "majorSchemaVersion" : 3,
    "name" : "warehouse-management-html5-repo-host",
    "type" : "org.cloudfoundry.managed-service",
    "properties" : { },
    "parameters" : {
      "type" : "managed-service",
      "service" : "html5-apps-repo",
      "service-plan" : "app-host"
    },
    "isActive" : true,
    "isOptional" : false,
    "propertiesMetadata" : {
      "metadata" : { }
    },
    "parametersMetadata" : {
      "metadata" : { }
    },
    "requiredDependencies" : [ ],
    "processedAfter" : [ ]
  }, {
    "majorSchemaVersion" : 3,
    "name" : "warehouse-management-html5-runtime",
    "type" : "org.cloudfoundry.managed-service",
    "properties" : { },
    "parameters" : {
      "type" : "managed-service",
      "service" : "html5-apps-repo",
      "service-plan" : "app-runtime"
    },
    "isActive" : true,
    "isOptional" : false,
    "propertiesMetadata" : {
      "metadata" : { }
    },
    "parametersMetadata" : {
      "metadata" : { }
    },
    "requiredDependencies" : [ ],
    "processedAfter" : [ ]
  } ],
  "parameters" : {
    "enable-parallel-deployments" : true,
    "deploy_mode" : "html5-repo"
  },
  "parametersMetadata" : {
    "metadata" : { }
  }
}#
#2026 09 28 17:57:24.809#Z#DEBUG#0e88cb00-bb66-11f1-bf82-eeee0a9c991c.OPERATION#flowable-async-job-executor-thread-551#
[MergeDescriptorsStep] Descriptors validated and merged#
#2026 09 28 17:57:24.809#Z#DEBUG#0e88cb00-bb66-11f1-bf82-eeee0a9c991c.OPERATION#flowable-async-job-executor-thread-551#
Step "Merge Descriptors" finished#
#2026 09 28 17:57:24.856#Z#DEBUG#0e88cb00-bb66-11f1-bf82-eeee0a9c991c.OPERATION#flowable-async-job-executor-thread-552#
[CollectCloudLoggingServiceParametersStep] Executing task "sid-9C5714DF-CEC8-4019-8873-CBBA99AC459A" of process "0e88f236-bb66-11f1-bf82-eeee0a9c991c"...#
#2026 09 28 17:57:24.860#Z#DEBUG#0e88cb00-bb66-11f1-bf82-eeee0a9c991c.OPERATION#flowable-async-job-executor-thread-552#
Step "Collect Cloud Logging Service Parameters" finished#
#2026 09 28 17:57:24.899#Z#DEBUG#0e88cb00-bb66-11f1-bf82-eeee0a9c991c.OPERATION#flowable-async-job-executor-thread-553#
[DetectDeployedMtaStep] Executing task "detectDeployedMtaTask" of process "0e88f236-bb66-11f1-bf82-eeee0a9c991c"...#
#2026 09 28 17:57:24.905#Z#DEBUG#0e88cb00-bb66-11f1-bf82-eeee0a9c991c.OPERATION#flowable-async-job-executor-thread-553#
[DetectDeployedMtaStep] Detecting deployed MTA...#
#2026 09 28 17:57:24.906#Z#DEBUG#0e88cb00-bb66-11f1-bf82-eeee0a9c991c.OPERATION#flowable-async-job-executor-thread-553#
[DetectDeployedMtaStep] Detecting MTA by id warehouse-management and namespace null#
#2026 09 28 17:57:24.906#Z#DEBUG#0e88cb00-bb66-11f1-bf82-eeee0a9c991c.OPERATION#flowable-async-job-executor-thread-553#
[DetectDeployedMtaStep] Getting applications by metadata label selector "mta_id=73cb7dd21e297cd96a6eb1f573ce1e1f,!mta_namespace"...#
#2026 09 28 17:57:24.938#Z#DEBUG#0e88cb00-bb66-11f1-bf82-eeee0a9c991c.OPERATION#flowable-async-job-executor-thread-553#
[DetectDeployedMtaStep] Getting service instances by metadata label selector "mta_id=73cb7dd21e297cd96a6eb1f573ce1e1f,!mta_namespace"...#
#2026 09 28 17:57:25.062#Z#DEBUG#0e88cb00-bb66-11f1-bf82-eeee0a9c991c.OPERATION#flowable-async-job-executor-thread-553#
[DetectDeployedMtaStep] Deployed MTA: {
  "metadata" : {
    "id" : "warehouse-management",
    "version" : "1.0.0"
  },
  "applications" : [ {
    "name" : "warehouse-management",
    "metadata" : {
      "guid" : "771302de-d443-481b-8eae-700cc4bb0b2f",
      "createdAt" : [ 2026, 9, 28, 17, 41, 32 ],
      "updatedAt" : [ 2026, 9, 28, 17, 43, 2 ]
    },
    "v3Metadata" : {
      "annotations" : {
        "mta_id" : "warehouse-management",
        "mta_version" : "1.0.0",
        "mta_module" : "{\"name\":\"warehouse-management\"}",
        "mta_module_provided_dependencies" : "[]",
        "mta_bound_services" : "********"
      },
      "labels" : {
        "mta_id" : "73cb7dd21e297cd96a6eb1f573ce1e1f"
      }
    },
    "state" : "STARTED",
    "lifecycle" : {
      "type" : "BUILDPACK",
      "data" : {
        "stack" : "cflinuxfs4",
        "buildpacks" : [ ]
      }
    },
    "space" : {
      "name" : "dev",
      "metadata" : {
        "guid" : "a0aa86ab-27d5-49c9-872a-5b495a8a9781",
        "createdAt" : [ 2026, 8, 21, 12, 13, 6 ],
        "updatedAt" : [ 2026, 8, 21, 12, 13, 6 ]
      },
      "organization" : {
        "name" : "62e2a895trial",
        "metadata" : {
          "guid" : "315089a0-fdef-4d20-958f-61c9996fee50",
          "createdAt" : [ 2026, 8, 21, 12, 13, 5 ],
          "updatedAt" : [ 2026, 8, 21, 12, 13, 5 ]
        }
      }
    },
    "moduleName" : "warehouse-management",
    "boundMtaServices" : [ "********", "warehouse-management-html5-runtime" ],
    "providedDependencyNames" : [ ],
    "productizationState" : "LIVE"
  }, {
    "name" : "warehouse-management-db-deployer",
    "metadata" : {
      "guid" : "013fb757-a2d7-4d59-b873-e68a92a34019",
      "createdAt" : [ 2026, 9, 28, 17, 41, 33 ],
      "updatedAt" : [ 2026, 9, 28, 17, 41, 33 ]
    },
    "v3Metadata" : {
      "annotations" : {
        "mta_id" : "warehouse-management",
        "mta_version" : "1.0.0",
        "mta_module" : "{\"name\":\"warehouse-management-db-deployer\"}",
        "mta_module_provided_dependencies" : "[]",
        "mta_bound_services" : "[\"warehouse-management-db\"]"
      },
      "labels" : {
        "mta_id" : "73cb7dd21e297cd96a6eb1f573ce1e1f"
      }
    },
    "state" : "STOPPED",
    "lifecycle" : {
      "type" : "BUILDPACK",
      "data" : {
        "stack" : "cflinuxfs4",
        "buildpacks" : [ "nodejs_buildpack" ]
      }
    },
    "space" : {
      "name" : "dev",
      "metadata" : {
        "guid" : "a0aa86ab-27d5-49c9-872a-5b495a8a9781",
        "createdAt" : [ 2026, 8, 21, 12, 13, 6 ],
        "updatedAt" : [ 2026, 8, 21, 12, 13, 6 ]
      },
      "organization" : {
        "name" : "62e2a895trial",
        "metadata" : {
          "guid" : "315089a0-fdef-4d20-958f-61c9996fee50",
          "createdAt" : [ 2026, 8, 21, 12, 13, 5 ],
          "updatedAt" : [ 2026, 8, 21, 12, 13, 5 ]
        }
      }
    },
    "moduleName" : "warehouse-management-db-deployer",
    "boundMtaServices" : [ "warehouse-management-db" ],
    "providedDependencyNames" : [ ],
    "productizationState" : "LIVE"
  }, {
    "name" : "warehouse-management-srv",
    "metadata" : {
      "guid" : "8d1e230b-182e-4ade-a836-9df3110ca784",
      "createdAt" : [ 2026, 9, 28, 17, 41, 34 ],
      "updatedAt" : [ 2026, 9, 28, 17, 41, 34 ]
    },
    "v3Metadata" : {
      "annotations" : {
        "mta_id" : "warehouse-management",
        "mta_version" : "1.0.0",
        "mta_module" : "{\"name\":\"warehouse-management-srv\"}",
        "mta_module_provided_dependencies" : "[]",
        "mta_bound_services" : "********"
      },
      "labels" : {
        "mta_id" : "73cb7dd21e297cd96a6eb1f573ce1e1f"
      }
    },
    "state" : "STOPPED",
    "lifecycle" : {
      "type" : "BUILDPACK",
      "data" : {
        "stack" : "cflinuxfs4",
        "buildpacks" : [ "nodejs_buildpack" ]
      }
    },
    "space" : {
      "name" : "dev",
      "metadata" : {
        "guid" : "a0aa86ab-27d5-49c9-872a-5b495a8a9781",
        "createdAt" : [ 2026, 8, 21, 12, 13, 6 ],
        "updatedAt" : [ 2026, 8, 21, 12, 13, 6 ]
      },
      "organization" : {
        "name" : "62e2a895trial",
        "metadata" : {
          "guid" : "315089a0-fdef-4d20-958f-61c9996fee50",
          "createdAt" : [ 2026, 8, 21, 12, 13, 5 ],
          "updatedAt" : [ 2026, 8, 21, 12, 13, 5 ]
        }
      }
    },
    "moduleName" : "warehouse-management-srv",
    "boundMtaServices" : [ "********", "warehouse-management-db" ],
    "providedDependencyNames" : [ ],
    "productizationState" : "LIVE"
  } ],
  "services" : [ {
    "name" : "warehouse-management-html5-repo-host",
    "metadata" : {
      "guid" : "1951b95c-f94b-4bb1-9f89-3482580b0327",
      "createdAt" : [ 2026, 9, 28, 17, 41, 8 ],
      "updatedAt" : [ 2026, 9, 28, 17, 41, 8 ]
    },
    "v3Metadata" : {
      "annotations" : {
        "mta_id" : "warehouse-management",
        "mta_version" : "1.0.0",
        "mta_resource" : "{\"name\":\"warehouse-management-html5-repo-host\"}"
      },
      "labels" : {
        "mta_id" : "73cb7dd21e297cd96a6eb1f573ce1e1f"
      }
    },
    "label" : "html5-apps-repo",
    "plan" : "app-host",
    "credentials" : "********",
    "tags" : [ ],
    "type" : "managed",
    "lastOperation" : {
      "type" : "CREATE",
      "description" : "",
      "state" : "SUCCEEDED"
    },
    "resourceName" : "warehouse-management-html5-repo-host"
  }, {
    "name" : "warehouse-management-html5-runtime",
    "metadata" : {
      "guid" : "27bbb228-623d-43b9-a816-3a91355f541c",
      "createdAt" : [ 2026, 9, 28, 17, 41, 10 ],
      "updatedAt" : [ 2026, 9, 28, 17, 41, 10 ]
    },
    "v3Metadata" : {
      "annotations" : {
        "mta_id" : "warehouse-management",
        "mta_version" : "1.0.0",
        "mta_resource" : "{\"name\":\"warehouse-management-html5-runtime\"}"
      },
      "labels" : {
        "mta_id" : "73cb7dd21e297cd96a6eb1f573ce1e1f"
      }
    },
    "label" : "html5-apps-repo",
    "plan" : "app-runtime",
    "credentials" : "********",
    "tags" : [ ],
    "type" : "managed",
    "lastOperation" : {
      "type" : "CREATE",
      "description" : "",
      "state" : "SUCCEEDED"
    },
    "resourceName" : "warehouse-management-html5-runtime"
  }, {
    "name" : "warehouse-management-db",
    "metadata" : {
      "guid" : "2f229352-2f4a-4fa9-b5fd-013c7f6606f1",
      "createdAt" : [ 2026, 9, 27, 14, 51, 46 ],
      "updatedAt" : [ 2026, 9, 28, 17, 41, 7 ]
    },
    "v3Metadata" : {
      "annotations" : {
        "mta_id" : "warehouse-management",
        "mta_version" : "1.0.0",
        "mta_resource" : "{\"name\":\"warehouse-management-db\"}"
      },
      "labels" : {
        "mta_id" : "73cb7dd21e297cd96a6eb1f573ce1e1f"
      }
    },
    "label" : "hana",
    "plan" : "hdi-shared",
    "credentials" : "********",
    "tags" : [ ],
    "type" : "managed",
    "lastOperation" : {
      "type" : "UPDATE",
      "state" : "SUCCEEDED"
    },
    "resourceName" : "warehouse-management-db"
  }, {
    "name" : "********",
    "metadata" : {
      "guid" : "7e14d333-6b78-451b-8707-51be6945cffe",
      "createdAt" : [ 2026, 9, 28, 17, 41, 7 ],
      "updatedAt" : [ 2026, 9, 28, 17, 41, 7 ]
    },
    "v3Metadata" : {
      "annotations" : {
        "mta_id" : "warehouse-management",
        "mta_version" : "1.0.0",
        "mta_resource" : "********"
      },
      "labels" : {
        "mta_id" : "73cb7dd21e297cd96a6eb1f573ce1e1f"
      }
    },
    "label" : "xsuaa",
    "plan" : "application",
    "credentials" : "********",
    "tags" : [ ],
    "type" : "managed",
    "lastOperation" : {
      "type" : "CREATE",
      "description" : "",
      "state" : "SUCCEEDED"
    },
    "resourceName" : "********"
  } ]
}#
#2026 09 28 17:57:25.062#Z#INFO#0e88cb00-bb66-11f1-bf82-eeee0a9c991c.OPERATION#flowable-async-job-executor-thread-553#
[DetectDeployedMtaStep] Detected deployed MTA with ID "warehouse-management" and version "1.0.0"#
#2026 09 28 17:57:25.075#Z#DEBUG#0e88cb00-bb66-11f1-bf82-eeee0a9c991c.OPERATION#flowable-async-job-executor-thread-553#
[DetectDeployedMtaStep] Detecting backup mta by id "warehouse-management" and namespace "null"#
#2026 09 28 17:57:25.075#Z#DEBUG#0e88cb00-bb66-11f1-bf82-eeee0a9c991c.OPERATION#flowable-async-job-executor-thread-553#
[DetectDeployedMtaStep] Getting applications by metadata label selector "mta_id=73cb7dd21e297cd96a6eb1f573ce1e1f,mta_namespace=b698114a0995e936895b9598a6c19a2c"...#
#2026 09 28 17:57:25.104#Z#DEBUG#0e88cb00-bb66-11f1-bf82-eeee0a9c991c.OPERATION#flowable-async-job-executor-thread-553#
[DetectDeployedMtaStep] Getting service instances by metadata label selector "mta_id=73cb7dd21e297cd96a6eb1f573ce1e1f,mta_namespace=b698114a0995e936895b9598a6c19a2c"...#
#2026 09 28 17:57:25.180#Z#DEBUG#0e88cb00-bb66-11f1-bf82-eeee0a9c991c.OPERATION#flowable-async-job-executor-thread-553#
[DetectDeployedMtaStep] Deployed MTA service keys: [ {
  "name" : "********",
  "metadata" : {
    "guid" : "7cd70f35-8117-4c87-874a-1d9ed9197ab4",
    "createdAt" : [ 2026, 9, 28, 17, 41, 35 ],
    "updatedAt" : [ 2026, 9, 28, 17, 41, 35 ]
  },
  "v3Metadata" : {
    "annotations" : {
      "mta_id" : "warehouse-management",
      "mta_version" : "1.0.0"
    },
    "labels" : {
      "mta_id" : "73cb7dd21e297cd96a6eb1f573ce1e1f",
      "space_guid" : "a0aa86ab-27d5-49c9-872a-5b495a8a9781"
    }
  },
  "serviceInstance" : {
    "name" : "warehouse-management-html5-repo-host",
    "metadata" : {
      "guid" : "1951b95c-f94b-4bb1-9f89-3482580b0327",
      "createdAt" : [ 2026, 9, 28, 17, 41, 8 ],
      "updatedAt" : [ 2026, 9, 28, 17, 41, 8 ]
    },
    "v3Metadata" : {
      "annotations" : {
        "mta_id" : "warehouse-management",
        "mta_version" : "1.0.0",
        "mta_resource" : "{\"name\":\"warehouse-management-html5-repo-host\"}"
      },
      "labels" : {
        "mta_id" : "73cb7dd21e297cd96a6eb1f573ce1e1f"
      }
    },
    "credentials" : "********",
    "tags" : [ ],
    "type" : "managed"
  }
}, {
  "name" : "********",
  "metadata" : {
    "guid" : "edf68c8e-139e-4a12-8440-2a48599db5db",
    "createdAt" : [ 2026, 9, 28, 17, 41, 35 ],
    "updatedAt" : [ 2026, 9, 28, 17, 41, 35 ]
  },
  "v3Metadata" : {
    "annotations" : {
      "mta_id" : "warehouse-management",
      "mta_version" : "1.0.0"
    },
    "labels" : {
      "mta_id" : "73cb7dd21e297cd96a6eb1f573ce1e1f",
      "space_guid" : "a0aa86ab-27d5-49c9-872a-5b495a8a9781"
    }
  },
  "serviceInstance" : {
    "name" : "********",
    "metadata" : {
      "guid" : "7e14d333-6b78-451b-8707-51be6945cffe",
      "createdAt" : [ 2026, 9, 28, 17, 41, 7 ],
      "updatedAt" : [ 2026, 9, 28, 17, 41, 7 ]
    },
    "v3Metadata" : {
      "annotations" : {
        "mta_id" : "warehouse-management",
        "mta_version" : "1.0.0",
        "mta_resource" : "********"
      },
      "labels" : {
        "mta_id" : "73cb7dd21e297cd96a6eb1f573ce1e1f"
      }
    },
    "credentials" : "********",
    "tags" : [ ],
    "type" : "managed"
  }
} ]#
#2026 09 28 17:57:25.180#Z#DEBUG#0e88cb00-bb66-11f1-bf82-eeee0a9c991c.OPERATION#flowable-async-job-executor-thread-553#
Step "Detect Deployed MTA" finished#
#2026 09 28 17:57:25.247#Z#DEBUG#0e88cb00-bb66-11f1-bf82-eeee0a9c991c.OPERATION#flowable-async-job-executor-thread-546#
[XS2CollectSystemParametersStep] Executing task "collectSystemParametersTask" of process "0e88f236-bb66-11f1-bf82-eeee0a9c991c"...#
#2026 09 28 17:57:25.247#Z#DEBUG#0e88cb00-bb66-11f1-bf82-eeee0a9c991c.OPERATION#flowable-async-job-executor-thread-546#
[XS2CollectSystemParametersStep] Collecting system parameters...#
#2026 09 28 17:57:25.248#Z#DEBUG#0e88cb00-bb66-11f1-bf82-eeee0a9c991c.OPERATION#flowable-async-job-executor-thread-546#
[XS2CollectSystemParametersStep] Getting default domain...#
#2026 09 28 17:57:25.281#Z#DEBUG#0e88cb00-bb66-11f1-bf82-eeee0a9c991c.OPERATION#flowable-async-job-executor-thread-546#
[XS2CollectSystemParametersStep] Default domain: cfapps.ap21.hana.ondemand.com#
#2026 09 28 17:57:25.282#Z#DEBUG#0e88cb00-bb66-11f1-bf82-eeee0a9c991c.OPERATION#flowable-async-job-executor-thread-546#
[XS2CollectSystemParametersStep] Checking for overwriting read-only parameters for mta with id: "warehouse-management"#
#2026 09 28 17:57:25.282#Z#DEBUG#0e88cb00-bb66-11f1-bf82-eeee0a9c991c.OPERATION#flowable-async-job-executor-thread-546#
[XS2CollectSystemParametersStep] No read-only parameters are overwritten#
#2026 09 28 17:57:25.297#Z#DEBUG#0e88cb00-bb66-11f1-bf82-eeee0a9c991c.OPERATION#flowable-async-job-executor-thread-546#
[XS2CollectSystemParametersStep] Descriptor with system parameters: {
  "majorSchemaVersion" : 3,
  "schemaVersion" : "3.3.0",
  "id" : "warehouse-management",
  "version" : "1.0.0",
  "modules" : [ {
    "majorSchemaVersion" : 3,
    "name" : "warehouse-management-srv",
    "type" : "javascript.nodejs",
    "path" : "warehouse-management-srv",
    "properties" : { },
    "parameters" : {
      "default-url" : "${protocol}://${default-uri}",
      "default-app-name" : "warehouse-management-srv",
      "generated-password" : "********",
      "default-live-url" : "${protocol}://${default-live-uri}",
      "default-uri" : "${host}.${domain}",
      "default-instances" : 1,
      "default-live-host" : "62e2a895trial-dev-warehouse-management-srv",
      "instances" : 1,
      "buildpack" : "nodejs_buildpack",
      "default-host" : "62e2a895trial-dev-warehouse-management-srv",
      "app-name" : "${default-app-name}",
      "default-live-uri" : "62e2a895trial-dev-warehouse-management-srv.${domain}",
      "protocol" : "https",
      "default-live-app-name" : "warehouse-management-srv",
      "default-live-domain" : "cfapps.ap21.hana.ondemand.com",
      "domain" : "${default-domain}",
      "host" : "${default-host}",
      "generated-user" : "********"
    },
    "requiredDependencies" : [ {
      "majorSchemaVersion" : 3,
      "name" : "********",
      "properties" : { },
      "parameters" : { },
      "propertiesMetadata" : {
        "metadata" : { }
      },
      "parametersMetadata" : {
        "metadata" : { }
      }
    }, {
      "majorSchemaVersion" : 3,
      "name" : "warehouse-management-db",
      "properties" : { },
      "parameters" : { },
      "propertiesMetadata" : {
        "metadata" : { }
      },
      "parametersMetadata" : {
        "metadata" : { }
      }
    } ],
    "providedDependencies" : [ {
      "majorSchemaVersion" : 3,
      "name" : "srv-api",
      "isPublic" : false,
      "properties" : {
        "srv-url" : "${default-url}"
      },
      "parameters" : { },
      "propertiesMetadata" : {
        "metadata" : { }
      },
      "parametersMetadata" : {
        "metadata" : { }
      }
    }, {
      "majorSchemaVersion" : 3,
      "name" : "warehouse-management-srv",
      "isPublic" : false,
      "properties" : { },
      "parameters" : { },
      "propertiesMetadata" : {
        "metadata" : { }
      },
      "parametersMetadata" : {
        "metadata" : { }
      }
    } ],
    "propertiesMetadata" : {
      "metadata" : { }
    },
    "parametersMetadata" : {
      "metadata" : { }
    },
    "hooks" : [ ]
  }, {
    "majorSchemaVersion" : 3,
    "name" : "warehouse-management-db-deployer",
    "type" : "com.sap.xs.hdi",
    "path" : "warehouse-management-db-deployer",
    "properties" : {
      "EXIT" : 1
    },
    "parameters" : {
      "default-url" : "${protocol}://${default-uri}",
      "default-app-name" : "warehouse-management-db-deployer",
      "generated-password" : "********",
      "default-live-url" : "${protocol}://${default-live-uri}",
      "default-uri" : "${host}.${domain}",
      "memory" : "256M",
      "default-instances" : 1,
      "no-route" : true,
      "default-live-host" : "62e2a895trial-dev-warehouse-management-db-deployer",
      "instances" : "${default-instances}",
      "buildpack" : "nodejs_buildpack",
      "default-host" : "62e2a895trial-dev-warehouse-management-db-deployer",
      "app-name" : "${default-app-name}",
      "default-live-uri" : "62e2a895trial-dev-warehouse-management-db-deployer.${domain}",
      "protocol" : "https",
      "default-live-app-name" : "warehouse-management-db-deployer",
      "default-live-domain" : "cfapps.ap21.hana.ondemand.com",
      "dependency-type" : "hard",
      "domain" : "${default-domain}",
      "host" : "${default-host}",
      "generated-user" : "********",
      "tasks" : [ {
        "name" : "deploy",
        "memory" : "256M",
        "command" : "npm start"
      } ],
      "no-start" : true
    },
    "requiredDependencies" : [ {
      "majorSchemaVersion" : 3,
      "name" : "warehouse-management-db",
      "properties" : { },
      "parameters" : { },
      "propertiesMetadata" : {
        "metadata" : { }
      },
      "parametersMetadata" : {
        "metadata" : { }
      }
    } ],
    "providedDependencies" : [ {
      "majorSchemaVersion" : 3,
      "name" : "warehouse-management-db-deployer",
      "isPublic" : false,
      "properties" : { },
      "parameters" : { },
      "propertiesMetadata" : {
        "metadata" : { }
      },
      "parametersMetadata" : {
        "metadata" : { }
      }
    } ],
    "propertiesMetadata" : {
      "metadata" : { }
    },
    "parametersMetadata" : {
      "metadata" : { }
    },
    "hooks" : [ ]
  }, {
    "majorSchemaVersion" : 3,
    "name" : "warehouse-management",
    "type" : "javascript.nodejs",
    "path" : "warehouse-management",
    "properties" : { },
    "parameters" : {
      "default-url" : "${protocol}://${default-uri}",
      "default-app-name" : "warehouse-management",
      "generated-password" : "********",
      "default-live-url" : "${protocol}://${default-live-uri}",
      "default-uri" : "${host}.${domain}",
      "memory" : "256M",
      "default-instances" : 1,
      "default-live-host" : "62e2a895trial-dev-warehouse-management",
      "instances" : "${default-instances}",
      "default-host" : "62e2a895trial-dev-warehouse-management",
      "keep-existing-routes" : true,
      "app-name" : "${default-app-name}",
      "default-live-uri" : "62e2a895trial-dev-warehouse-management.${domain}",
      "protocol" : "https",
      "default-live-app-name" : "warehouse-management",
      "default-live-domain" : "cfapps.ap21.hana.ondemand.com",
      "disk-quota" : "256M",
      "domain" : "${default-domain}",
      "host" : "${default-host}",
      "generated-user" : "********"
    },
    "requiredDependencies" : [ {
      "majorSchemaVersion" : 3,
      "name" : "srv-api",
      "group" : "destinations",
      "properties" : {
        "name" : "srv-api",
        "forwardAuthToken" : "********",
        "url" : "~{srv-url}"
      },
      "parameters" : { },
      "propertiesMetadata" : {
        "metadata" : { }
      },
      "parametersMetadata" : {
        "metadata" : { }
      }
    }, {
      "majorSchemaVersion" : 3,
      "name" : "********",
      "properties" : { },
      "parameters" : { },
      "propertiesMetadata" : {
        "metadata" : { }
      },
      "parametersMetadata" : {
        "metadata" : { }
      }
    }, {
      "majorSchemaVersion" : 3,
      "name" : "warehouse-management-html5-runtime",
      "properties" : { },
      "parameters" : { },
      "propertiesMetadata" : {
        "metadata" : { }
      },
      "parametersMetadata" : {
        "metadata" : { }
      }
    } ],
    "providedDependencies" : [ {
      "majorSchemaVersion" : 3,
      "name" : "app-api",
      "isPublic" : false,
      "properties" : {
        "app-protocol" : "${protocol}",
        "app-uri" : "${default-uri}"
      },
      "parameters" : { },
      "propertiesMetadata" : {
        "metadata" : { }
      },
      "parametersMetadata" : {
        "metadata" : { }
      }
    }, {
      "majorSchemaVersion" : 3,
      "name" : "warehouse-management",
      "isPublic" : false,
      "properties" : { },
      "parameters" : { },
      "propertiesMetadata" : {
        "metadata" : { }
      },
      "parametersMetadata" : {
        "metadata" : { }
      }
    } ],
    "propertiesMetadata" : {
      "metadata" : { }
    },
    "parametersMetadata" : {
      "metadata" : { }
    },
    "hooks" : [ ]
  }, {
    "majorSchemaVersion" : 3,
    "name" : "warehouse-management-app-deployer",
    "type" : "com.sap.application.content",
    "path" : "warehouse-management-app-deployer",
    "properties" : { },
    "parameters" : {
      "default-url" : "${protocol}://${default-uri}",
      "default-app-name" : "warehouse-management-app-deployer",
      "generated-password" : "********",
      "default-live-url" : "${protocol}://${default-live-uri}",
      "default-uri" : "${host}.${domain}",
      "default-instances" : 1,
      "default-live-host" : "62e2a895trial-dev-warehouse-management-app-deployer",
      "instances" : "${default-instances}",
      "default-host" : "62e2a895trial-dev-warehouse-management-app-deployer",
      "app-name" : "${default-app-name}",
      "default-live-uri" : "62e2a895trial-dev-warehouse-management-app-deployer.${domain}",
      "protocol" : "https",
      "default-live-app-name" : "warehouse-management-app-deployer",
      "default-live-domain" : "cfapps.ap21.hana.ondemand.com",
      "domain" : "${default-domain}",
      "host" : "${default-host}",
      "generated-user" : "********"
    },
    "requiredDependencies" : [ {
      "majorSchemaVersion" : 3,
      "name" : "********",
      "properties" : { },
      "parameters" : { },
      "propertiesMetadata" : {
        "metadata" : { }
      },
      "parametersMetadata" : {
        "metadata" : { }
      }
    }, {
      "majorSchemaVersion" : 3,
      "name" : "srv-api",
      "properties" : { },
      "parameters" : { },
      "propertiesMetadata" : {
        "metadata" : { }
      },
      "parametersMetadata" : {
        "metadata" : { }
      }
    }, {
      "majorSchemaVersion" : 3,
      "name" : "warehouse-management-html5-repo-host",
      "properties" : { },
      "parameters" : {
        "config" : {
          "HTML5Runtime_enabled" : true
        },
        "content-target" : true
      },
      "propertiesMetadata" : {
        "metadata" : { }
      },
      "parametersMetadata" : {
        "metadata" : { }
      }
    } ],
    "providedDependencies" : [ {
      "majorSchemaVersion" : 3,
      "name" : "warehouse-management-app-deployer",
      "isPublic" : false,
      "properties" : { },
      "parameters" : { },
      "propertiesMetadata" : {
        "metadata" : { }
      },
      "parametersMetadata" : {
        "metadata" : { }
      }
    } ],
    "propertiesMetadata" : {
      "metadata" : { }
    },
    "parametersMetadata" : {
      "metadata" : { }
    },
    "hooks" : [ ]
  } ],
  "resources" : [ {
    "majorSchemaVersion" : 3,
    "name" : "********",
    "type" : "org.cloudfoundry.managed-service",
    "properties" : { },
    "parameters" : {
      "generated-password" : "********",
      "path" : "./xs-security.json",
      "service-name" : "${default-service-name}",
      "service-plan" : "application",
      "service" : "xsuaa",
      "generated-user" : "********",
      "default-xsappname" : "********",
      "type" : "managed-service",
      "config" : {
        "oauth2-configuration" : "********",
        "role-collections" : [ {
          "description" : "generated",
          "name" : "WarehouseEmployee (warehouse-management ${org}-${space})",
          "role-template-references" : [ "$XSAPPNAME.WarehouseEmployee" ]
        }, {
          "description" : "generated",
          "name" : "WarehouseAdmin (warehouse-management ${org}-${space})",
          "role-template-references" : [ "$XSAPPNAME.WarehouseAdmin" ]
        } ],
        "tenant-mode" : "dedicated",
        "xsappname" : "warehouse-management-${org}-${space}"
      },
      "default-service-name" : "********",
      "default-container-name" : "********"
    },
    "isActive" : true,
    "isOptional" : false,
    "propertiesMetadata" : {
      "metadata" : { }
    },
    "parametersMetadata" : {
      "metadata" : { }
    },
    "requiredDependencies" : [ {
      "majorSchemaVersion" : 3,
      "name" : "app-api",
      "properties" : { },
      "parameters" : { },
      "propertiesMetadata" : {
        "metadata" : { }
      },
      "parametersMetadata" : {
        "metadata" : { }
      }
    } ],
    "processedAfter" : [ ]
  }, {
    "majorSchemaVersion" : 3,
    "name" : "warehouse-management-db",
    "type" : "com.sap.xs.hdi-container",
    "properties" : { },
    "parameters" : {
      "generated-password" : "********",
      "service-name" : "${default-service-name}",
      "service-plan" : "hdi-shared",
      "service" : "hana",
      "generated-user" : "********",
      "default-xsappname" : "warehouse-management-db",
      "type" : "managed-service",
      "default-service-name" : "warehouse-management-db",
      "default-container-name" : "62E2A895TRIAL_DEV_WAREHOUSE_MANAGEMENT_DB"
    },
    "isActive" : true,
    "isOptional" : false,
    "propertiesMetadata" : {
      "metadata" : { }
    },
    "parametersMetadata" : {
      "metadata" : { }
    },
    "requiredDependencies" : [ ],
    "processedAfter" : [ ]
  }, {
    "majorSchemaVersion" : 3,
    "name" : "warehouse-management-html5-repo-host",
    "type" : "org.cloudfoundry.managed-service",
    "properties" : { },
    "parameters" : {
      "generated-password" : "********",
      "service-name" : "${default-service-name}",
      "service-plan" : "app-host",
      "service" : "html5-apps-repo",
      "generated-user" : "********",
      "default-xsappname" : "warehouse-management-html5-repo-host",
      "type" : "managed-service",
      "default-service-name" : "warehouse-management-html5-repo-host",
      "default-container-name" : "62E2A895TRIAL_DEV_WAREHOUSE_MANAGEMENT_HTML5_REPO_HOST"
    },
    "isActive" : true,
    "isOptional" : false,
    "propertiesMetadata" : {
      "metadata" : { }
    },
    "parametersMetadata" : {
      "metadata" : { }
    },
    "requiredDependencies" : [ ],
    "processedAfter" : [ ]
  }, {
    "majorSchemaVersion" : 3,
    "name" : "warehouse-management-html5-runtime",
    "type" : "org.cloudfoundry.managed-service",
    "properties" : { },
    "parameters" : {
      "generated-password" : "********",
      "service-name" : "${default-service-name}",
      "service-plan" : "app-runtime",
      "service" : "html5-apps-repo",
      "generated-user" : "********",
      "default-xsappname" : "warehouse-management-html5-runtime",
      "type" : "managed-service",
      "default-service-name" : "warehouse-management-html5-runtime",
      "default-container-name" : "62E2A895TRIAL_DEV_WAREHOUSE_MANAGEMENT_HTML5_RUNTIME"
    },
    "isActive" : true,
    "isOptional" : false,
    "propertiesMetadata" : {
      "metadata" : { }
    },
    "parametersMetadata" : {
      "metadata" : { }
    },
    "requiredDependencies" : [ ],
    "processedAfter" : [ ]
  } ],
  "parameters" : {
    "deploy_mode" : "html5-repo",
    "mta-id" : "warehouse-management",
    "authorization-url" : "********",
    "org-guid" : "315089a0-fdef-4d20-958f-61c9996fee50",
    "org" : "62e2a895trial",
    "deploy-target" : "62e2a895trial dev",
    "enable-parallel-deployments" : true,
    "space" : "dev",
    "xs-api-url" : "https://api.cf.ap21.hana.ondemand.com",
    "deploy-url" : "deploy-service.cfapps.ap21.hana.ondemand.com",
    "xs-type" : "CF",
    "default-domain" : "cfapps.ap21.hana.ondemand.com",
    "mta-version" : "1.0.0",
    "xs-auth-url" : "********",
    "space-guid" : "a0aa86ab-27d5-49c9-872a-5b495a8a9781",
    "user" : "********",
    "controller-url" : "https://api.cf.ap21.hana.ondemand.com",
    "timestamp" : "20260928175723"
  },
  "parametersMetadata" : {
    "metadata" : { }
  }
}#
#2026 09 28 17:57:25.299#Z#DEBUG#0e88cb00-bb66-11f1-bf82-eeee0a9c991c.OPERATION#flowable-async-job-executor-thread-546#
[XS2CollectSystemParametersStep] Version rule: SAME_HIGHER#
#2026 09 28 17:57:25.299#Z#INFO#0e88cb00-bb66-11f1-bf82-eeee0a9c991c.OPERATION#flowable-async-job-executor-thread-546#
[XS2CollectSystemParametersStep] Detected new MTA version: "1.0.0"#
#2026 09 28 17:57:25.326#Z#INFO#0e88cb00-bb66-11f1-bf82-eeee0a9c991c.OPERATION#flowable-async-job-executor-thread-546#
[XS2CollectSystemParametersStep] Deployed MTA version: "1.0.0"#
#2026 09 28 17:57:25.335#Z#DEBUG#0e88cb00-bb66-11f1-bf82-eeee0a9c991c.OPERATION#flowable-async-job-executor-thread-546#
[XS2CollectSystemParametersStep] MTA accepted for deployment#
#2026 09 28 17:57:25.336#Z#DEBUG#0e88cb00-bb66-11f1-bf82-eeee0a9c991c.OPERATION#flowable-async-job-executor-thread-546#
[XS2CollectSystemParametersStep] System parameters collected#
#2026 09 28 17:57:25.337#Z#DEBUG#0e88cb00-bb66-11f1-bf82-eeee0a9c991c.OPERATION#flowable-async-job-executor-thread-546#
Step "Collect System Parameters" finished#
#2026 09 28 17:57:25.385#Z#DEBUG#0e88cb00-bb66-11f1-bf82-eeee0a9c991c.OPERATION#flowable-async-job-executor-thread-547#
[ProcessDescriptorStep] Executing task "processDescriptorTask" of process "0e88f236-bb66-11f1-bf82-eeee0a9c991c"...#
#2026 09 28 17:57:25.386#Z#DEBUG#0e88cb00-bb66-11f1-bf82-eeee0a9c991c.OPERATION#flowable-async-job-executor-thread-547#
[ProcessDescriptorStep] Resolving properties and parameters in merged descriptor...#
#2026 09 28 17:57:25.395#Z#DEBUG#0e88cb00-bb66-11f1-bf82-eeee0a9c991c.OPERATION#flowable-async-job-executor-thread-547#
[ProcessDescriptorStep] Subscriptions: [ ]#
#2026 09 28 17:57:25.395#Z#DEBUG#0e88cb00-bb66-11f1-bf82-eeee0a9c991c.OPERATION#flowable-async-job-executor-thread-547#
[ProcessDescriptorStep] MTA modules: [warehouse-management-srv, warehouse-management-app-deployer, warehouse-management-db-deployer, warehouse-management]#
#2026 09 28 17:57:25.397#Z#DEBUG#0e88cb00-bb66-11f1-bf82-eeee0a9c991c.OPERATION#flowable-async-job-executor-thread-547#
[ProcessDescriptorStep] Resolved deployment descriptor: {
  "majorSchemaVersion" : 3,
  "schemaVersion" : "3.3.0",
  "id" : "warehouse-management",
  "version" : "1.0.0",
  "modules" : [ {
    "majorSchemaVersion" : 3,
    "name" : "warehouse-management-srv",
    "type" : "javascript.nodejs",
    "path" : "warehouse-management-srv",
    "properties" : { },
    "parameters" : {
      "default-url" : "https://62e2a895trial-dev-warehouse-management-srv.cfapps.ap21.hana.ondemand.com",
      "default-app-name" : "warehouse-management-srv",
      "generated-password" : "********",
      "default-live-url" : "https://62e2a895trial-dev-warehouse-management-srv.cfapps.ap21.hana.ondemand.com",
      "default-uri" : "62e2a895trial-dev-warehouse-management-srv.cfapps.ap21.hana.ondemand.com",
      "default-instances" : 1,
      "default-live-host" : "62e2a895trial-dev-warehouse-management-srv",
      "instances" : 1,
      "buildpack" : "nodejs_buildpack",
      "default-host" : "62e2a895trial-dev-warehouse-management-srv",
      "app-name" : "warehouse-management-srv",
      "default-live-uri" : "62e2a895trial-dev-warehouse-management-srv.cfapps.ap21.hana.ondemand.com",
      "protocol" : "https",
      "default-live-app-name" : "warehouse-management-srv",
      "default-live-domain" : "cfapps.ap21.hana.ondemand.com",
      "domain" : "cfapps.ap21.hana.ondemand.com",
      "host" : "62e2a895trial-dev-warehouse-management-srv",
      "generated-user" : "********"
    },
    "requiredDependencies" : [ {
      "majorSchemaVersion" : 3,
      "name" : "********",
      "properties" : { },
      "parameters" : { },
      "propertiesMetadata" : {
        "metadata" : { }
      },
      "parametersMetadata" : {
        "metadata" : { }
      }
    }, {
      "majorSchemaVersion" : 3,
      "name" : "warehouse-management-db",
      "properties" : { },
      "parameters" : { },
      "propertiesMetadata" : {
        "metadata" : { }
      },
      "parametersMetadata" : {
        "metadata" : { }
      }
    } ],
    "providedDependencies" : [ {
      "majorSchemaVersion" : 3,
      "name" : "srv-api",
      "isPublic" : false,
      "properties" : {
        "srv-url" : "https://62e2a895trial-dev-warehouse-management-srv.cfapps.ap21.hana.ondemand.com"
      },
      "parameters" : { },
      "propertiesMetadata" : {
        "metadata" : { }
      },
      "parametersMetadata" : {
        "metadata" : { }
      }
    }, {
      "majorSchemaVersion" : 3,
      "name" : "warehouse-management-srv",
      "isPublic" : false,
      "properties" : { },
      "parameters" : { },
      "propertiesMetadata" : {
        "metadata" : { }
      },
      "parametersMetadata" : {
        "metadata" : { }
      }
    } ],
    "propertiesMetadata" : {
      "metadata" : { }
    },
    "parametersMetadata" : {
      "metadata" : { }
    },
    "hooks" : [ ]
  }, {
    "majorSchemaVersion" : 3,
    "name" : "warehouse-management-db-deployer",
    "type" : "com.sap.xs.hdi",
    "path" : "warehouse-management-db-deployer",
    "properties" : {
      "EXIT" : 1
    },
    "parameters" : {
      "default-url" : "https://62e2a895trial-dev-warehouse-management-db-deployer.cfapps.ap21.hana.ondemand.com",
      "default-app-name" : "warehouse-management-db-deployer",
      "generated-password" : "********",
      "default-live-url" : "https://62e2a895trial-dev-warehouse-management-db-deployer.cfapps.ap21.hana.ondemand.com",
      "default-uri" : "62e2a895trial-dev-warehouse-management-db-deployer.cfapps.ap21.hana.ondemand.com",
      "memory" : "256M",
      "default-instances" : 1,
      "no-route" : true,
      "default-live-host" : "62e2a895trial-dev-warehouse-management-db-deployer",
      "instances" : 1,
      "buildpack" : "nodejs_buildpack",
      "default-host" : "62e2a895trial-dev-warehouse-management-db-deployer",
      "app-name" : "warehouse-management-db-deployer",
      "default-live-uri" : "62e2a895trial-dev-warehouse-management-db-deployer.cfapps.ap21.hana.ondemand.com",
      "protocol" : "https",
      "default-live-app-name" : "warehouse-management-db-deployer",
      "default-live-domain" : "cfapps.ap21.hana.ondemand.com",
      "dependency-type" : "hard",
      "domain" : "cfapps.ap21.hana.ondemand.com",
      "host" : "62e2a895trial-dev-warehouse-management-db-deployer",
      "generated-user" : "********",
      "tasks" : [ {
        "command" : "npm start",
        "memory" : "256M",
        "name" : "deploy"
      } ],
      "no-start" : true
    },
    "requiredDependencies" : [ {
      "majorSchemaVersion" : 3,
      "name" : "warehouse-management-db",
      "properties" : { },
      "parameters" : { },
      "propertiesMetadata" : {
        "metadata" : { }
      },
      "parametersMetadata" : {
        "metadata" : { }
      }
    } ],
    "providedDependencies" : [ {
      "majorSchemaVersion" : 3,
      "name" : "warehouse-management-db-deployer",
      "isPublic" : false,
      "properties" : { },
      "parameters" : { },
      "propertiesMetadata" : {
        "metadata" : { }
      },
      "parametersMetadata" : {
        "metadata" : { }
      }
    } ],
    "propertiesMetadata" : {
      "metadata" : { }
    },
    "parametersMetadata" : {
      "metadata" : { }
    },
    "hooks" : [ ]
  }, {
    "majorSchemaVersion" : 3,
    "name" : "warehouse-management",
    "type" : "javascript.nodejs",
    "path" : "warehouse-management",
    "properties" : { },
    "parameters" : {
      "default-url" : "https://62e2a895trial-dev-warehouse-management.cfapps.ap21.hana.ondemand.com",
      "default-app-name" : "warehouse-management",
      "generated-password" : "********",
      "default-live-url" : "https://62e2a895trial-dev-warehouse-management.cfapps.ap21.hana.ondemand.com",
      "default-uri" : "62e2a895trial-dev-warehouse-management.cfapps.ap21.hana.ondemand.com",
      "memory" : "256M",
      "default-instances" : 1,
      "default-live-host" : "62e2a895trial-dev-warehouse-management",
      "instances" : 1,
      "default-host" : "62e2a895trial-dev-warehouse-management",
      "keep-existing-routes" : true,
      "app-name" : "warehouse-management",
      "default-live-uri" : "62e2a895trial-dev-warehouse-management.cfapps.ap21.hana.ondemand.com",
      "protocol" : "https",
      "default-live-app-name" : "warehouse-management",
      "default-live-domain" : "cfapps.ap21.hana.ondemand.com",
      "disk-quota" : "256M",
      "domain" : "cfapps.ap21.hana.ondemand.com",
      "host" : "62e2a895trial-dev-warehouse-management",
      "generated-user" : "********"
    },
    "requiredDependencies" : [ {
      "majorSchemaVersion" : 3,
      "name" : "srv-api",
      "group" : "destinations",
      "properties" : {
        "name" : "srv-api",
        "forwardAuthToken" : "********",
        "url" : "https://62e2a895trial-dev-warehouse-management-srv.cfapps.ap21.hana.ondemand.com"
      },
      "parameters" : { },
      "propertiesMetadata" : {
        "metadata" : { }
      },
      "parametersMetadata" : {
        "metadata" : { }
      }
    }, {
      "majorSchemaVersion" : 3,
      "name" : "********",
      "properties" : { },
      "parameters" : { },
      "propertiesMetadata" : {
        "metadata" : { }
      },
      "parametersMetadata" : {
        "metadata" : { }
      }
    }, {
      "majorSchemaVersion" : 3,
      "name" : "warehouse-management-html5-runtime",
      "properties" : { },
      "parameters" : { },
      "propertiesMetadata" : {
        "metadata" : { }
      },
      "parametersMetadata" : {
        "metadata" : { }
      }
    } ],
    "providedDependencies" : [ {
      "majorSchemaVersion" : 3,
      "name" : "app-api",
      "isPublic" : false,
      "properties" : {
        "app-protocol" : "https",
        "app-uri" : "62e2a895trial-dev-warehouse-management.cfapps.ap21.hana.ondemand.com"
      },
      "parameters" : { },
      "propertiesMetadata" : {
        "metadata" : { }
      },
      "parametersMetadata" : {
        "metadata" : { }
      }
    }, {
      "majorSchemaVersion" : 3,
      "name" : "warehouse-management",
      "isPublic" : false,
      "properties" : { },
      "parameters" : { },
      "propertiesMetadata" : {
        "metadata" : { }
      },
      "parametersMetadata" : {
        "metadata" : { }
      }
    } ],
    "propertiesMetadata" : {
      "metadata" : { }
    },
    "parametersMetadata" : {
      "metadata" : { }
    },
    "hooks" : [ ]
  }, {
    "majorSchemaVersion" : 3,
    "name" : "warehouse-management-app-deployer",
    "type" : "com.sap.application.content",
    "path" : "warehouse-management-app-deployer",
    "properties" : { },
    "parameters" : {
      "default-url" : "https://62e2a895trial-dev-warehouse-management-app-deployer.cfapps.ap21.hana.ondemand.com",
      "default-app-name" : "warehouse-management-app-deployer",
      "generated-password" : "********",
      "default-live-url" : "https://62e2a895trial-dev-warehouse-management-app-deployer.cfapps.ap21.hana.ondemand.com",
      "default-uri" : "62e2a895trial-dev-warehouse-management-app-deployer.cfapps.ap21.hana.ondemand.com",
      "default-instances" : 1,
      "default-live-host" : "62e2a895trial-dev-warehouse-management-app-deployer",
      "instances" : 1,
      "default-host" : "62e2a895trial-dev-warehouse-management-app-deployer",
      "app-name" : "warehouse-management-app-deployer",
      "default-live-uri" : "62e2a895trial-dev-warehouse-management-app-deployer.cfapps.ap21.hana.ondemand.com",
      "protocol" : "https",
      "default-live-app-name" : "warehouse-management-app-deployer",
      "default-live-domain" : "cfapps.ap21.hana.ondemand.com",
      "domain" : "cfapps.ap21.hana.ondemand.com",
      "host" : "62e2a895trial-dev-warehouse-management-app-deployer",
      "generated-user" : "********"
    },
    "requiredDependencies" : [ {
      "majorSchemaVersion" : 3,
      "name" : "********",
      "properties" : { },
      "parameters" : { },
      "propertiesMetadata" : {
        "metadata" : { }
      },
      "parametersMetadata" : {
        "metadata" : { }
      }
    }, {
      "majorSchemaVersion" : 3,
      "name" : "srv-api",
      "properties" : { },
      "parameters" : { },
      "propertiesMetadata" : {
        "metadata" : { }
      },
      "parametersMetadata" : {
        "metadata" : { }
      }
    }, {
      "majorSchemaVersion" : 3,
      "name" : "warehouse-management-html5-repo-host",
      "properties" : { },
      "parameters" : {
        "config" : {
          "HTML5Runtime_enabled" : true
        },
        "content-target" : true
      },
      "propertiesMetadata" : {
        "metadata" : { }
      },
      "parametersMetadata" : {
        "metadata" : { }
      }
    } ],
    "providedDependencies" : [ {
      "majorSchemaVersion" : 3,
      "name" : "warehouse-management-app-deployer",
      "isPublic" : false,
      "properties" : { },
      "parameters" : { },
      "propertiesMetadata" : {
        "metadata" : { }
      },
      "parametersMetadata" : {
        "metadata" : { }
      }
    } ],
    "propertiesMetadata" : {
      "metadata" : { }
    },
    "parametersMetadata" : {
      "metadata" : { }
    },
    "hooks" : [ ]
  } ],
  "resources" : [ {
    "majorSchemaVersion" : 3,
    "name" : "********",
    "type" : "org.cloudfoundry.managed-service",
    "properties" : { },
    "parameters" : {
      "generated-password" : "********",
      "path" : "./xs-security.json",
      "service-name" : "********",
      "service-plan" : "application",
      "service" : "xsuaa",
      "generated-user" : "********",
      "default-xsappname" : "********",
      "type" : "managed-service",
      "config" : {
        "oauth2-configuration" : "********",
        "role-collections" : [ {
          "description" : "generated",
          "name" : "WarehouseEmployee (warehouse-management 62e2a895trial-dev)",
          "role-template-references" : [ "$XSAPPNAME.WarehouseEmployee" ]
        }, {
          "description" : "generated",
          "name" : "WarehouseAdmin (warehouse-management 62e2a895trial-dev)",
          "role-template-references" : [ "$XSAPPNAME.WarehouseAdmin" ]
        } ],
        "tenant-mode" : "dedicated",
        "xsappname" : "warehouse-management-62e2a895trial-dev"
      },
      "default-service-name" : "********",
      "default-container-name" : "********"
    },
    "isActive" : true,
    "isOptional" : false,
    "propertiesMetadata" : {
      "metadata" : { }
    },
    "parametersMetadata" : {
      "metadata" : { }
    },
    "requiredDependencies" : [ {
      "majorSchemaVersion" : 3,
      "name" : "app-api",
      "properties" : { },
      "parameters" : { },
      "propertiesMetadata" : {
        "metadata" : { }
      },
      "parametersMetadata" : {
        "metadata" : { }
      }
    } ],
    "processedAfter" : [ ]
  }, {
    "majorSchemaVersion" : 3,
    "name" : "warehouse-management-db",
    "type" : "com.sap.xs.hdi-container",
    "properties" : { },
    "parameters" : {
      "generated-password" : "********",
      "service-name" : "warehouse-management-db",
      "service-plan" : "hdi-shared",
      "service" : "hana",
      "generated-user" : "********",
      "default-xsappname" : "warehouse-management-db",
      "type" : "managed-service",
      "default-service-name" : "warehouse-management-db",
      "default-container-name" : "62E2A895TRIAL_DEV_WAREHOUSE_MANAGEMENT_DB"
    },
    "isActive" : true,
    "isOptional" : false,
    "propertiesMetadata" : {
      "metadata" : { }
    },
    "parametersMetadata" : {
      "metadata" : { }
    },
    "requiredDependencies" : [ ],
    "processedAfter" : [ ]
  }, {
    "majorSchemaVersion" : 3,
    "name" : "warehouse-management-html5-repo-host",
    "type" : "org.cloudfoundry.managed-service",
    "properties" : { },
    "parameters" : {
      "generated-password" : "********",
      "service-name" : "warehouse-management-html5-repo-host",
      "service-plan" : "app-host",
      "service" : "html5-apps-repo",
      "generated-user" : "********",
      "default-xsappname" : "warehouse-management-html5-repo-host",
      "type" : "managed-service",
      "default-service-name" : "warehouse-management-html5-repo-host",
      "default-container-name" : "62E2A895TRIAL_DEV_WAREHOUSE_MANAGEMENT_HTML5_REPO_HOST"
    },
    "isActive" : true,
    "isOptional" : false,
    "propertiesMetadata" : {
      "metadata" : { }
    },
    "parametersMetadata" : {
      "metadata" : { }
    },
    "requiredDependencies" : [ ],
    "processedAfter" : [ ]
  }, {
    "majorSchemaVersion" : 3,
    "name" : "warehouse-management-html5-runtime",
    "type" : "org.cloudfoundry.managed-service",
    "properties" : { },
    "parameters" : {
      "generated-password" : "********",
      "service-name" : "warehouse-management-html5-runtime",
      "service-plan" : "app-runtime",
      "service" : "html5-apps-repo",
      "generated-user" : "********",
      "default-xsappname" : "warehouse-management-html5-runtime",
      "type" : "managed-service",
      "default-service-name" : "warehouse-management-html5-runtime",
      "default-container-name" : "62E2A895TRIAL_DEV_WAREHOUSE_MANAGEMENT_HTML5_RUNTIME"
    },
    "isActive" : true,
    "isOptional" : false,
    "propertiesMetadata" : {
      "metadata" : { }
    },
    "parametersMetadata" : {
      "metadata" : { }
    },
    "requiredDependencies" : [ ],
    "processedAfter" : [ ]
  } ],
  "parameters" : {
    "deploy_mode" : "html5-repo",
    "mta-id" : "warehouse-management",
    "authorization-url" : "********",
    "org-guid" : "315089a0-fdef-4d20-958f-61c9996fee50",
    "org" : "62e2a895trial",
    "deploy-target" : "62e2a895trial dev",
    "enable-parallel-deployments" : true,
    "region-primary-domain" : "ap21.hana.ondemand.com",
    "space" : "dev",
    "region-domain" : "ap21.hana.ondemand.com",
    "xs-api-url" : "https://api.cf.ap21.hana.ondemand.com",
    "deploy-url" : "deploy-service.cfapps.ap21.hana.ondemand.com",
    "xs-type" : "CF",
    "default-domain" : "cfapps.ap21.hana.ondemand.com",
    "mta-version" : "1.0.0",
    "xs-auth-url" : "********",
    "space-guid" : "a0aa86ab-27d5-49c9-872a-5b495a8a9781",
    "user" : "********",
    "controller-url" : "https://api.cf.ap21.hana.ondemand.com",
    "timestamp" : "20260928175723"
  },
  "parametersMetadata" : {
    "metadata" : { }
  }
}#
#2026 09 28 17:57:25.397#Z#DEBUG#0e88cb00-bb66-11f1-bf82-eeee0a9c991c.OPERATION#flowable-async-job-executor-thread-547#
[ProcessDescriptorStep] Merged descriptor properties and parameters resolved#
#2026 09 28 17:57:25.397#Z#DEBUG#0e88cb00-bb66-11f1-bf82-eeee0a9c991c.OPERATION#flowable-async-job-executor-thread-547#
Step "Process Descriptor Step" finished#
#2026 09 28 17:57:25.447#Z#DEBUG#0e88cb00-bb66-11f1-bf82-eeee0a9c991c.OPERATION#flowable-async-job-executor-thread-548#
[XS2BuildCloudDeployModelStep] Executing task "buildDeployModelTask" of process "0e88f236-bb66-11f1-bf82-eeee0a9c991c"...#
#2026 09 28 17:57:25.481#Z#DEBUG#0e88cb00-bb66-11f1-bf82-eeee0a9c991c.OPERATION#flowable-async-job-executor-thread-548#
[XS2BuildCloudDeployModelStep] Service keys defined for content deployment grouped by service name: {
  "warehouse-management-html5-repo-host" : [ {
    "name" : "********",
    "v3Metadata" : {
      "annotations" : {
        "mta_id" : "warehouse-management",
        "mta_version" : "1.0.0"
      },
      "labels" : {
        "mta_id" : "73cb7dd21e297cd96a6eb1f573ce1e1f",
        "space_guid" : "a0aa86ab-27d5-49c9-872a-5b495a8a9781"
      }
    },
    "credentials" : "********",
    "moduleName" : "warehouse-management-app-deployer",
    "resourceName" : "warehouse-management-html5-repo-host",
    "serviceInstance" : {
      "isOptional" : false,
      "isManaged" : false,
      "name" : "warehouse-management-html5-repo-host",
      "credentials" : "********",
      "tags" : [ ],
      "shouldSkipParametersUpdate" : false,
      "shouldSkipPlanUpdate" : false,
      "shouldSkipTagsUpdate" : false,
      "shouldSkipSyslogUrlUpdate" : false
    },
    "shouldDeleteServiceKeyAfterDeploy" : "********",
    "resourceType" : "org.cloudfoundry.managed-service"
  } ],
  "warehouse-management-auth" : "********"
}#
#2026 09 28 17:57:25.482#Z#DEBUG#0e88cb00-bb66-11f1-bf82-eeee0a9c991c.OPERATION#flowable-async-job-executor-thread-548#
[XS2BuildCloudDeployModelStep] Building cloud deployment model...#
#2026 09 28 17:57:25.485#Z#DEBUG#0e88cb00-bb66-11f1-bf82-eeee0a9c991c.OPERATION#flowable-async-job-executor-thread-548#
[XS2BuildCloudDeployModelStep] MTA archive modules: [warehouse-management-srv, warehouse-management-app-deployer, warehouse-management-db-deployer, warehouse-management]#
#2026 09 28 17:57:25.485#Z#DEBUG#0e88cb00-bb66-11f1-bf82-eeee0a9c991c.OPERATION#flowable-async-job-executor-thread-548#
[XS2BuildCloudDeployModelStep] Deployed modules: [warehouse-management, warehouse-management-db-deployer, warehouse-management-srv]#
#2026 09 28 17:57:25.486#Z#DEBUG#0e88cb00-bb66-11f1-bf82-eeee0a9c991c.OPERATION#flowable-async-job-executor-thread-548#
[XS2BuildCloudDeployModelStep] MTA modules: [warehouse-management-srv, warehouse-management-app-deployer, warehouse-management-db-deployer, warehouse-management]#
#2026 09 28 17:57:25.486#Z#DEBUG#0e88cb00-bb66-11f1-bf82-eeee0a9c991c.OPERATION#flowable-async-job-executor-thread-548#
[XS2BuildCloudDeployModelStep] Service keys to create: {
  "warehouse-management-html5-repo-host" : [ ],
  "warehouse-management-html5-runtime" : [ ],
  "warehouse-management-db" : [ ],
  "warehouse-management-auth" : "********"
}#
#2026 09 28 17:57:25.489#Z#DEBUG#0e88cb00-bb66-11f1-bf82-eeee0a9c991c.OPERATION#flowable-async-job-executor-thread-548#
[XS2BuildCloudDeployModelStep] Modules to deploy: [{
  "majorSchemaVersion" : 3,
  "name" : "warehouse-management-srv",
  "type" : "javascript.nodejs",
  "path" : "warehouse-management-srv",
  "properties" : { },
  "parameters" : {
    "default-url" : "https://62e2a895trial-dev-warehouse-management-srv.cfapps.ap21.hana.ondemand.com",
    "default-app-name" : "warehouse-management-srv",
    "generated-password" : "********",
    "default-live-url" : "https://62e2a895trial-dev-warehouse-management-srv.cfapps.ap21.hana.ondemand.com",
    "default-uri" : "62e2a895trial-dev-warehouse-management-srv.cfapps.ap21.hana.ondemand.com",
    "default-instances" : 1,
    "default-live-host" : "62e2a895trial-dev-warehouse-management-srv",
    "instances" : 1,
    "buildpack" : "nodejs_buildpack",
    "default-host" : "62e2a895trial-dev-warehouse-management-srv",
    "app-name" : "warehouse-management-srv",
    "default-live-uri" : "62e2a895trial-dev-warehouse-management-srv.cfapps.ap21.hana.ondemand.com",
    "protocol" : "https",
    "default-live-app-name" : "warehouse-management-srv",
    "default-live-domain" : "cfapps.ap21.hana.ondemand.com",
    "dependency-type" : "soft",
    "domain" : "cfapps.ap21.hana.ondemand.com",
    "host" : "62e2a895trial-dev-warehouse-management-srv",
    "generated-user" : "********"
  },
  "requiredDependencies" : [ {
    "majorSchemaVersion" : 3,
    "name" : "********",
    "properties" : { },
    "parameters" : { },
    "propertiesMetadata" : {
      "metadata" : { }
    },
    "parametersMetadata" : {
      "metadata" : { }
    }
  }, {
    "majorSchemaVersion" : 3,
    "name" : "warehouse-management-db",
    "properties" : { },
    "parameters" : { },
    "propertiesMetadata" : {
      "metadata" : { }
    },
    "parametersMetadata" : {
      "metadata" : { }
    }
  } ],
  "providedDependencies" : [ {
    "majorSchemaVersion" : 3,
    "name" : "srv-api",
    "isPublic" : false,
    "properties" : {
      "srv-url" : "https://62e2a895trial-dev-warehouse-management-srv.cfapps.ap21.hana.ondemand.com"
    },
    "parameters" : { },
    "propertiesMetadata" : {
      "metadata" : { }
    },
    "parametersMetadata" : {
      "metadata" : { }
    }
  }, {
    "majorSchemaVersion" : 3,
    "name" : "warehouse-management-srv",
    "isPublic" : false,
    "properties" : { },
    "parameters" : { },
    "propertiesMetadata" : {
      "metadata" : { }
    },
    "parametersMetadata" : {
      "metadata" : { }
    }
  } ],
  "propertiesMetadata" : {
    "metadata" : { }
  },
  "parametersMetadata" : {
    "metadata" : { }
  },
  "deployedAfter" : [ ],
  "hooks" : [ ]
}, {
  "majorSchemaVersion" : 3,
  "name" : "warehouse-management-db-deployer",
  "type" : "com.sap.xs.hdi",
  "path" : "warehouse-management-db-deployer",
  "properties" : {
    "EXIT" : 1
  },
  "parameters" : {
    "default-url" : "https://62e2a895trial-dev-warehouse-management-db-deployer.cfapps.ap21.hana.ondemand.com",
    "default-app-name" : "warehouse-management-db-deployer",
    "generated-password" : "********",
    "default-live-url" : "https://62e2a895trial-dev-warehouse-management-db-deployer.cfapps.ap21.hana.ondemand.com",
    "default-uri" : "62e2a895trial-dev-warehouse-management-db-deployer.cfapps.ap21.hana.ondemand.com",
    "memory" : "256M",
    "default-instances" : 1,
    "no-route" : true,
    "default-live-host" : "62e2a895trial-dev-warehouse-management-db-deployer",
    "instances" : 1,
    "buildpack" : "nodejs_buildpack",
    "default-host" : "62e2a895trial-dev-warehouse-management-db-deployer",
    "app-name" : "warehouse-management-db-deployer",
    "default-live-uri" : "62e2a895trial-dev-warehouse-management-db-deployer.cfapps.ap21.hana.ondemand.com",
    "protocol" : "https",
    "default-live-app-name" : "warehouse-management-db-deployer",
    "default-live-domain" : "cfapps.ap21.hana.ondemand.com",
    "dependency-type" : "hard",
    "domain" : "cfapps.ap21.hana.ondemand.com",
    "host" : "62e2a895trial-dev-warehouse-management-db-deployer",
    "generated-user" : "********",
    "tasks" : [ {
      "command" : "npm start",
      "memory" : "256M",
      "name" : "deploy"
    } ],
    "no-start" : true
  },
  "requiredDependencies" : [ {
    "majorSchemaVersion" : 3,
    "name" : "warehouse-management-db",
    "properties" : { },
    "parameters" : { },
    "propertiesMetadata" : {
      "metadata" : { }
    },
    "parametersMetadata" : {
      "metadata" : { }
    }
  } ],
  "providedDependencies" : [ {
    "majorSchemaVersion" : 3,
    "name" : "warehouse-management-db-deployer",
    "isPublic" : false,
    "properties" : { },
    "parameters" : { },
    "propertiesMetadata" : {
      "metadata" : { }
    },
    "parametersMetadata" : {
      "metadata" : { }
    }
  } ],
  "propertiesMetadata" : {
    "metadata" : { }
  },
  "parametersMetadata" : {
    "metadata" : { }
  },
  "deployedAfter" : [ ],
  "hooks" : [ ]
}, {
  "majorSchemaVersion" : 3,
  "name" : "warehouse-management",
  "type" : "javascript.nodejs",
  "path" : "warehouse-management",
  "properties" : { },
  "parameters" : {
    "default-url" : "https://62e2a895trial-dev-warehouse-management.cfapps.ap21.hana.ondemand.com",
    "default-app-name" : "warehouse-management",
    "generated-password" : "********",
    "default-live-url" : "https://62e2a895trial-dev-warehouse-management.cfapps.ap21.hana.ondemand.com",
    "default-uri" : "62e2a895trial-dev-warehouse-management.cfapps.ap21.hana.ondemand.com",
    "memory" : "256M",
    "default-instances" : 1,
    "default-live-host" : "62e2a895trial-dev-warehouse-management",
    "instances" : 1,
    "default-host" : "62e2a895trial-dev-warehouse-management",
    "keep-existing-routes" : true,
    "app-name" : "warehouse-management",
    "default-live-uri" : "62e2a895trial-dev-warehouse-management.cfapps.ap21.hana.ondemand.com",
    "protocol" : "https",
    "default-live-app-name" : "warehouse-management",
    "default-live-domain" : "cfapps.ap21.hana.ondemand.com",
    "disk-quota" : "256M",
    "dependency-type" : "soft",
    "domain" : "cfapps.ap21.hana.ondemand.com",
    "host" : "62e2a895trial-dev-warehouse-management",
    "generated-user" : "********"
  },
  "requiredDependencies" : [ {
    "majorSchemaVersion" : 3,
    "name" : "srv-api",
    "group" : "destinations",
    "properties" : {
      "name" : "srv-api",
      "forwardAuthToken" : "********",
      "url" : "https://62e2a895trial-dev-warehouse-management-srv.cfapps.ap21.hana.ondemand.com"
    },
    "parameters" : { },
    "propertiesMetadata" : {
      "metadata" : { }
    },
    "parametersMetadata" : {
      "metadata" : { }
    }
  }, {
    "majorSchemaVersion" : 3,
    "name" : "********",
    "properties" : { },
    "parameters" : { },
    "propertiesMetadata" : {
      "metadata" : { }
    },
    "parametersMetadata" : {
      "metadata" : { }
    }
  }, {
    "majorSchemaVersion" : 3,
    "name" : "warehouse-management-html5-runtime",
    "properties" : { },
    "parameters" : { },
    "propertiesMetadata" : {
      "metadata" : { }
    },
    "parametersMetadata" : {
      "metadata" : { }
    }
  } ],
  "providedDependencies" : [ {
    "majorSchemaVersion" : 3,
    "name" : "app-api",
    "isPublic" : false,
    "properties" : {
      "app-protocol" : "https",
      "app-uri" : "62e2a895trial-dev-warehouse-management.cfapps.ap21.hana.ondemand.com"
    },
    "parameters" : { },
    "propertiesMetadata" : {
      "metadata" : { }
    },
    "parametersMetadata" : {
      "metadata" : { }
    }
  }, {
    "majorSchemaVersion" : 3,
    "name" : "warehouse-management",
    "isPublic" : false,
    "properties" : { },
    "parameters" : { },
    "propertiesMetadata" : {
      "metadata" : { }
    },
    "parametersMetadata" : {
      "metadata" : { }
    }
  } ],
  "propertiesMetadata" : {
    "metadata" : { }
  },
  "parametersMetadata" : {
    "metadata" : { }
  },
  "deployedAfter" : [ ],
  "hooks" : [ ]
}, {
  "majorSchemaVersion" : 3,
  "name" : "warehouse-management-app-deployer",
  "type" : "com.sap.application.content",
  "path" : "warehouse-management-app-deployer",
  "properties" : { },
  "parameters" : {
    "default-url" : "https://62e2a895trial-dev-warehouse-management-app-deployer.cfapps.ap21.hana.ondemand.com",
    "default-app-name" : "warehouse-management-app-deployer",
    "generated-password" : "********",
    "default-live-url" : "https://62e2a895trial-dev-warehouse-management-app-deployer.cfapps.ap21.hana.ondemand.com",
    "default-uri" : "62e2a895trial-dev-warehouse-management-app-deployer.cfapps.ap21.hana.ondemand.com",
    "default-instances" : 1,
    "default-live-host" : "62e2a895trial-dev-warehouse-management-app-deployer",
    "instances" : 1,
    "default-host" : "62e2a895trial-dev-warehouse-management-app-deployer",
    "app-name" : "warehouse-management-app-deployer",
    "default-live-uri" : "62e2a895trial-dev-warehouse-management-app-deployer.cfapps.ap21.hana.ondemand.com",
    "protocol" : "https",
    "default-live-app-name" : "warehouse-management-app-deployer",
    "default-live-domain" : "cfapps.ap21.hana.ondemand.com",
    "dependency-type" : "soft",
    "domain" : "cfapps.ap21.hana.ondemand.com",
    "host" : "62e2a895trial-dev-warehouse-management-app-deployer",
    "generated-user" : "********"
  },
  "requiredDependencies" : [ {
    "majorSchemaVersion" : 3,
    "name" : "********",
    "properties" : { },
    "parameters" : { },
    "propertiesMetadata" : {
      "metadata" : { }
    },
    "parametersMetadata" : {
      "metadata" : { }
    }
  }, {
    "majorSchemaVersion" : 3,
    "name" : "srv-api",
    "properties" : { },
    "parameters" : { },
    "propertiesMetadata" : {
      "metadata" : { }
    },
    "parametersMetadata" : {
      "metadata" : { }
    }
  }, {
    "majorSchemaVersion" : 3,
    "name" : "warehouse-management-html5-repo-host",
    "properties" : { },
    "parameters" : {
      "config" : {
        "HTML5Runtime_enabled" : true
      },
      "content-target" : true
    },
    "propertiesMetadata" : {
      "metadata" : { }
    },
    "parametersMetadata" : {
      "metadata" : { }
    }
  } ],
  "providedDependencies" : [ {
    "majorSchemaVersion" : 3,
    "name" : "warehouse-management-app-deployer",
    "isPublic" : false,
    "properties" : { },
    "parameters" : { },
    "propertiesMetadata" : {
      "metadata" : { }
    },
    "parametersMetadata" : {
      "metadata" : { }
    }
  } ],
  "propertiesMetadata" : {
    "metadata" : { }
  },
  "parametersMetadata" : {
    "metadata" : { }
  },
  "deployedAfter" : [ ],
  "hooks" : [ ]
}]#
#2026 09 28 17:57:25.491#Z#DEBUG#0e88cb00-bb66-11f1-bf82-eeee0a9c991c.OPERATION#flowable-async-job-executor-thread-548#
[XS2BuildCloudDeployModelStep] Custom domains: []#
#2026 09 28 17:57:25.495#Z#DEBUG#0e88cb00-bb66-11f1-bf82-eeee0a9c991c.OPERATION#flowable-async-job-executor-thread-548#
[XS2BuildCloudDeployModelStep] Calculating resource batches...#
#2026 09 28 17:57:25.496#Z#DEBUG#0e88cb00-bb66-11f1-bf82-eeee0a9c991c.OPERATION#flowable-async-job-executor-thread-548#
[XS2BuildCloudDeployModelStep] Calculating resource batches completed.#
#2026 09 28 17:57:25.496#Z#DEBUG#0e88cb00-bb66-11f1-bf82-eeee0a9c991c.OPERATION#flowable-async-job-executor-thread-548#
[XS2BuildCloudDeployModelStep] Cloud deployment model built#
#2026 09 28 17:57:25.496#Z#DEBUG#0e88cb00-bb66-11f1-bf82-eeee0a9c991c.OPERATION#flowable-async-job-executor-thread-548#
Step "Build Deploy Model" finished#
#2026 09 28 17:57:25.554#Z#DEBUG#0e88cb00-bb66-11f1-bf82-eeee0a9c991c.OPERATION#flowable-async-job-executor-thread-549#
[BuildCloudUndeployModelStep] Executing task "buildUndeployModelTask" of process "0e88f236-bb66-11f1-bf82-eeee0a9c991c"...#
#2026 09 28 17:57:25.555#Z#DEBUG#0e88cb00-bb66-11f1-bf82-eeee0a9c991c.OPERATION#flowable-async-job-executor-thread-549#
[BuildCloudUndeployModelStep] Building cloud undeployment model...#
#2026 09 28 17:57:25.558#Z#DEBUG#0e88cb00-bb66-11f1-bf82-eeee0a9c991c.OPERATION#flowable-async-job-executor-thread-549#
[BuildCloudUndeployModelStep] Detecting service keys to delete.#
#2026 09 28 17:57:25.563#Z#DEBUG#0e88cb00-bb66-11f1-bf82-eeee0a9c991c.OPERATION#flowable-async-job-executor-thread-549#
[BuildCloudUndeployModelStep] Detected deployed service keys by service "{warehouse-management-html5-repo-host=[DeployedMtaServiceKey{name=warehouse-management-app-deployer-warehouse-management-html5-repo-host-credentials, metadata=CloudMetadata{guid=7cd70f35-8117-4c87-874a-1d9ed9197ab4, createdAt=2026-09-28T17:41:35, updatedAt=2026-09-28T17:41:35, url=null}, v3Metadata=Metadata{annotations={mta_id=warehouse-management, mta_version=1.0.0}, labels={mta_id=73cb7dd21e297cd96a6eb1f573ce1e1f, space_guid=a0aa86ab-27d5-49c9-872a-5b495a8a9781}}, credentials=null, serviceInstance=CloudServiceInstance{name=warehouse-management-html5-repo-host, metadata=CloudMetadata{guid=1951b95c-f94b-4bb1-9f89-3482580b0327, createdAt=2026-09-28T17:41:08, updatedAt=2026-09-28T17:41:08, url=null}, v3Metadata=Metadata{annotations={mta_id=warehouse-management, mta_version=1.0.0, mta_resource={"name":"warehouse-management-html5-repo-host"}}, labels={mta_id=73cb7dd21e297cd96a6eb1f573ce1e1f}}, label=null, plan=null, provider=null, broker=null, version=null, credentials={}, syslogDrainUrl=null, tags=[], type=managed, lastOperation=null}, serviceKeyOperation=null, resourceName=null}], warehouse-management-auth=[DeployedMtaServiceKey{name=warehouse-management-app-deployer-warehouse-management-auth-credentials, metadata=CloudMetadata{guid=edf68c8e-139e-4a12-8440-2a48599db5db, createdAt=2026-09-28T17:41:35, updatedAt=2026-09-28T17:41:35, url=null}, v3Metadata=Metadata{annotations={mta_id=warehouse-management, mta_version=1.0.0}, labels={mta_id=73cb7dd21e297cd96a6eb1f573ce1e1f, space_guid=a0aa86ab-27d5-49c9-872a-5b495a8a9781}}, credentials=null, serviceInstance=CloudServiceInstance{name=warehouse-management-auth, metadata=CloudMetadata{guid=7e14d333-6b78-451b-8707-51be6945cffe, createdAt=2026-09-28T17:41:07, updatedAt=2026-09-28T17:41:07, url=null}, v3Metadata=Metadata{annotations={mta_id=warehouse-management, mta_version=1.0.0, mta_resource={"name":"warehouse-management-auth"}}, labels={mta_id=73cb7dd21e297cd96a6eb1f573ce1e1f}}, label=null, plan=null, provider=null, broker=null, version=null, credentials={}, syslogDrainUrl=null, tags=[], type=managed, lastOperation=null}, serviceKeyOperation=null, resourceName=null}]}"#
#2026 09 28 17:57:25.568#Z#DEBUG#0e88cb00-bb66-11f1-bf82-eeee0a9c991c.OPERATION#flowable-async-job-executor-thread-549#
[BuildCloudUndeployModelStep] New service keys by service "{warehouse-management-html5-repo-host=[warehouse-management-app-deployer-warehouse-management-html5-repo-host-credentials], warehouse-management-auth=[warehouse-management-app-deployer-warehouse-management-auth-credentials]}"#
#2026 09 28 17:57:25.571#Z#DEBUG#0e88cb00-bb66-11f1-bf82-eeee0a9c991c.OPERATION#flowable-async-job-executor-thread-549#
[BuildCloudUndeployModelStep] Existing service keys by service "{}"#
#2026 09 28 17:57:25.571#Z#DEBUG#0e88cb00-bb66-11f1-bf82-eeee0a9c991c.OPERATION#flowable-async-job-executor-thread-549#
[BuildCloudUndeployModelStep] Detected service keys to delete "[]"#
#2026 09 28 17:57:25.575#Z#DEBUG#0e88cb00-bb66-11f1-bf82-eeee0a9c991c.OPERATION#flowable-async-job-executor-thread-549#
[BuildCloudUndeployModelStep] MTA modules: [warehouse-management-srv, warehouse-management-app-deployer, warehouse-management-db-deployer, warehouse-management]#
#2026 09 28 17:57:25.576#Z#DEBUG#0e88cb00-bb66-11f1-bf82-eeee0a9c991c.OPERATION#flowable-async-job-executor-thread-549#
[BuildCloudUndeployModelStep] Modules to undeploy: [ ]#
#2026 09 28 17:57:25.576#Z#DEBUG#0e88cb00-bb66-11f1-bf82-eeee0a9c991c.OPERATION#flowable-async-job-executor-thread-549#
[BuildCloudUndeployModelStep] Modules that won't be changed: [ ]#
#2026 09 28 17:57:25.577#Z#DEBUG#0e88cb00-bb66-11f1-bf82-eeee0a9c991c.OPERATION#flowable-async-job-executor-thread-549#
[BuildCloudUndeployModelStep] Subscriptions to delete: [ ]#
#2026 09 28 17:57:25.580#Z#DEBUG#0e88cb00-bb66-11f1-bf82-eeee0a9c991c.OPERATION#flowable-async-job-executor-thread-549#
[BuildCloudUndeployModelStep] Cloud services to delete: []#
#2026 09 28 17:57:25.580#Z#DEBUG#0e88cb00-bb66-11f1-bf82-eeee0a9c991c.OPERATION#flowable-async-job-executor-thread-549#
[BuildCloudUndeployModelStep] Cloud applications to undeploy: [ ]#
#2026 09 28 17:57:25.583#Z#DEBUG#0e88cb00-bb66-11f1-bf82-eeee0a9c991c.OPERATION#flowable-async-job-executor-thread-549#
[BuildCloudUndeployModelStep] Cloud undeployment model built#
#2026 09 28 17:57:25.583#Z#DEBUG#0e88cb00-bb66-11f1-bf82-eeee0a9c991c.OPERATION#flowable-async-job-executor-thread-549#
Step "Build Undeploy Model" finished#
#2026 09 28 17:57:25.626#Z#DEBUG#0e88cb00-bb66-11f1-bf82-eeee0a9c991c.OPERATION#flowable-async-job-executor-thread-550#
[AddDomainsStep] Executing task "addDomainsTask" of process "0e88f236-bb66-11f1-bf82-eeee0a9c991c"...#
#2026 09 28 17:57:25.627#Z#DEBUG#0e88cb00-bb66-11f1-bf82-eeee0a9c991c.OPERATION#flowable-async-job-executor-thread-550#
[AddDomainsStep] Custom domains: []#
#2026 09 28 17:57:25.627#Z#DEBUG#0e88cb00-bb66-11f1-bf82-eeee0a9c991c.OPERATION#flowable-async-job-executor-thread-550#
Step "Add Domains" finished#
#2026 09 28 17:57:26.406#Z#DEBUG#0e88cb00-bb66-11f1-bf82-eeee0a9c991c.OPERATION#flowable-async-job-executor-thread-552#
[ExtractBatchedServicesWithResolvedDynamicParametersStep] Executing task "prepareModulesDeploymentTask" of process "10216c3e-bb66-11f1-bf82-eeee0a9c991c"...#
#2026 09 28 17:57:26.407#Z#DEBUG#0e88cb00-bb66-11f1-bf82-eeee0a9c991c.OPERATION#flowable-async-job-executor-thread-552#
[ExtractBatchedServicesWithResolvedDynamicParametersStep] Extracting services and resolving dynamic parameters from batch#
#2026 09 28 17:57:26.408#Z#DEBUG#0e88cb00-bb66-11f1-bf82-eeee0a9c991c.OPERATION#flowable-async-job-executor-thread-552#
[ExtractBatchedServicesWithResolvedDynamicParametersStep] Services to create: [ {
  "isOptional" : false,
  "isManaged" : true,
  "name" : "********",
  "v3Metadata" : {
    "annotations" : {
      "mta_id" : "warehouse-management",
      "mta_version" : "1.0.0",
      "mta_resource" : "********"
    },
    "labels" : {
      "mta_id" : "73cb7dd21e297cd96a6eb1f573ce1e1f"
    }
  },
  "label" : "xsuaa",
  "plan" : "application",
  "credentials" : "********",
  "tags" : [ ],
  "type" : "managed",
  "resourceName" : "********",
  "shouldSkipParametersUpdate" : false,
  "shouldSkipPlanUpdate" : false,
  "shouldSkipTagsUpdate" : false,
  "shouldSkipSyslogUrlUpdate" : false
}, {
  "isOptional" : false,
  "isManaged" : true,
  "name" : "warehouse-management-db",
  "v3Metadata" : {
    "annotations" : {
      "mta_id" : "warehouse-management",
      "mta_version" : "1.0.0",
      "mta_resource" : "{\"name\":\"warehouse-management-db\"}"
    },
    "labels" : {
      "mta_id" : "73cb7dd21e297cd96a6eb1f573ce1e1f"
    }
  },
  "label" : "hana",
  "plan" : "hdi-shared",
  "credentials" : "********",
  "tags" : [ ],
  "type" : "managed",
  "resourceName" : "warehouse-management-db",
  "shouldSkipParametersUpdate" : false,
  "shouldSkipPlanUpdate" : false,
  "shouldSkipTagsUpdate" : false,
  "shouldSkipSyslogUrlUpdate" : false
}, {
  "isOptional" : false,
  "isManaged" : true,
  "name" : "warehouse-management-html5-repo-host",
  "v3Metadata" : {
    "annotations" : {
      "mta_id" : "warehouse-management",
      "mta_version" : "1.0.0",
      "mta_resource" : "{\"name\":\"warehouse-management-html5-repo-host\"}"
    },
    "labels" : {
      "mta_id" : "73cb7dd21e297cd96a6eb1f573ce1e1f"
    }
  },
  "label" : "html5-apps-repo",
  "plan" : "app-host",
  "credentials" : "********",
  "tags" : [ ],
  "type" : "managed",
  "resourceName" : "warehouse-management-html5-repo-host",
  "shouldSkipParametersUpdate" : false,
  "shouldSkipPlanUpdate" : false,
  "shouldSkipTagsUpdate" : false,
  "shouldSkipSyslogUrlUpdate" : false
}, {
  "isOptional" : false,
  "isManaged" : true,
  "name" : "warehouse-management-html5-runtime",
  "v3Metadata" : {
    "annotations" : {
      "mta_id" : "warehouse-management",
      "mta_version" : "1.0.0",
      "mta_resource" : "{\"name\":\"warehouse-management-html5-runtime\"}"
    },
    "labels" : {
      "mta_id" : "73cb7dd21e297cd96a6eb1f573ce1e1f"
    }
  },
  "label" : "html5-apps-repo",
  "plan" : "app-runtime",
  "credentials" : "********",
  "tags" : [ ],
  "type" : "managed",
  "resourceName" : "warehouse-management-html5-runtime",
  "shouldSkipParametersUpdate" : false,
  "shouldSkipPlanUpdate" : false,
  "shouldSkipTagsUpdate" : false,
  "shouldSkipSyslogUrlUpdate" : false
} ]#
#2026 09 28 17:57:26.410#Z#DEBUG#0e88cb00-bb66-11f1-bf82-eeee0a9c991c.OPERATION#flowable-async-job-executor-thread-552#
Step "Extract Services with Resolved Dynamic parameters from batch" finished#
#2026 09 28 17:57:26.566#Z#DEBUG#0e88cb00-bb66-11f1-bf82-eeee0a9c991c.OPERATION#flowable-async-job-executor-thread-549#
[CheckServiceOperationStateStep] Executing task "CheckServiceOperationStateTask" of process "109d2c39-bb66-11f1-bf82-eeee0a9c991c"...#
#2026 09 28 17:57:26.567#Z#DEBUG#0e88cb00-bb66-11f1-bf82-eeee0a9c991c.OPERATION#flowable-async-job-executor-thread-549#
[CheckServiceOperationStateStep] Getting service instance "warehouse-management-auth"...#
#2026 09 28 17:57:26.686#Z#DEBUG#0e88cb00-bb66-11f1-bf82-eeee0a9c991c.OPERATION#flowable-async-job-executor-thread-549#
Step "Check for service operations in Progress" finished#
#2026 09 28 17:57:26.733#Z#DEBUG#0e88cb00-bb66-11f1-bf82-eeee0a9c991c.OPERATION#flowable-async-job-executor-thread-550#
[DetermineServiceCreateUpdateServiceActionsStep] Executing task "DetermineServiceCreateUpdateActionsTask" of process "109d2c39-bb66-11f1-bf82-eeee0a9c991c"...#
#2026 09 28 17:57:26.735#Z#INFO#0e88cb00-bb66-11f1-bf82-eeee0a9c991c.OPERATION#flowable-async-job-executor-thread-550#
[DetermineServiceCreateUpdateServiceActionsStep] Processing service "warehouse-management-auth"...#
#2026 09 28 17:57:26.751#Z#DEBUG#0e88cb00-bb66-11f1-bf82-eeee0a9c991c.OPERATION#flowable-async-job-executor-thread-550#
[DetermineServiceCreateUpdateServiceActionsStep] Getting service instance "warehouse-management-auth"...#
#2026 09 28 17:57:26.846#Z#INFO#0e88cb00-bb66-11f1-bf82-eeee0a9c991c.OPERATION#flowable-async-job-executor-thread-550#
[DetermineServiceCreateUpdateServiceActionsStep] Setting service "warehouse-management-auth" parameters from "xs-security.json"#
#2026 09 28 17:57:26.878#Z#DEBUG#0e88cb00-bb66-11f1-bf82-eeee0a9c991c.OPERATION#flowable-async-job-executor-thread-550#
[DetermineServiceCreateUpdateServiceActionsStep] Existing service: {
  "name" : "********",
  "metadata" : {
    "guid" : "7e14d333-6b78-451b-8707-51be6945cffe",
    "createdAt" : [ 2026, 9, 28, 17, 41, 7 ],
    "updatedAt" : [ 2026, 9, 28, 17, 41, 7 ]
  },
  "v3Metadata" : {
    "annotations" : {
      "mta_id" : "warehouse-management",
      "mta_version" : "1.0.0",
      "mta_resource" : "********"
    },
    "labels" : {
      "mta_id" : "73cb7dd21e297cd96a6eb1f573ce1e1f"
    }
  },
  "label" : "xsuaa",
  "plan" : "application",
  "credentials" : "********",
  "tags" : [ ],
  "type" : "managed",
  "lastOperation" : {
    "type" : "CREATE",
    "description" : "",
    "state" : "SUCCEEDED"
  }
}#
#2026 09 28 17:57:26.878#Z#DEBUG#0e88cb00-bb66-11f1-bf82-eeee0a9c991c.OPERATION#flowable-async-job-executor-thread-550#
[DetermineServiceCreateUpdateServiceActionsStep] Service parameters will be updated#
#2026 09 28 17:57:26.879#Z#DEBUG#0e88cb00-bb66-11f1-bf82-eeee0a9c991c.OPERATION#flowable-async-job-executor-thread-550#
[DetermineServiceCreateUpdateServiceActionsStep] New parameters: {
  "attributes" : [ ],
  "oauth2-configuration" : "********",
  "role-collections" : [ {
    "description" : "generated",
    "name" : "WarehouseEmployee (warehouse-management 62e2a895trial-dev)",
    "role-template-references" : [ "$XSAPPNAME.WarehouseEmployee" ]
  }, {
    "description" : "generated",
    "name" : "WarehouseAdmin (warehouse-management 62e2a895trial-dev)",
    "role-template-references" : [ "$XSAPPNAME.WarehouseAdmin" ]
  } ],
  "role-templates" : [ {
    "name" : "WarehouseAdmin",
    "description" : "Warehouse Administrator",
    "scope-references" : [ "$XSAPPNAME.WarehouseAdmin" ]
  }, {
    "name" : "WarehouseEmployee",
    "description" : "Warehouse Employee",
    "scope-references" : [ "$XSAPPNAME.WarehouseEmployee" ]
  } ],
  "scopes" : [ {
    "name" : "$XSAPPNAME.WarehouseAdmin",
    "description" : "Warehouse Administrator"
  }, {
    "name" : "$XSAPPNAME.WarehouseEmployee",
    "description" : "Warehouse Employee"
  } ],
  "tenant-mode" : "dedicated",
  "xsappname" : "warehouse-management-62e2a895trial-dev"
}#
#2026 09 28 17:57:26.879#Z#DEBUG#0e88cb00-bb66-11f1-bf82-eeee0a9c991c.OPERATION#flowable-async-job-executor-thread-550#
Step "Determine update actions" finished#
#2026 09 28 17:57:26.944#Z#DEBUG#0e88cb00-bb66-11f1-bf82-eeee0a9c991c.OPERATION#flowable-async-job-executor-thread-550#
[CheckForServiceBindingOrKeyOperationStep] Executing task "CheckForServiceBindingOrKeyCreation" of process "109d2c39-bb66-11f1-bf82-eeee0a9c991c"...#
#2026 09 28 17:57:26.946#Z#DEBUG#0e88cb00-bb66-11f1-bf82-eeee0a9c991c.OPERATION#flowable-async-job-executor-thread-550#
Step "Check for service binding or key creation" finished#
#2026 09 28 17:57:26.827#Z#DEBUG#0e88cb00-bb66-11f1-bf82-eeee0a9c991c.OPERATION#flowable-async-job-executor-thread-632#
[CheckServiceOperationStateStep] Executing task "CheckServiceOperationStateTask" of process "10c57453-bb66-11f1-958c-eeee0a90448b"...#
#2026 09 28 17:57:26.923#Z#DEBUG#0e88cb00-bb66-11f1-bf82-eeee0a9c991c.OPERATION#flowable-async-job-executor-thread-632#
[CheckServiceOperationStateStep] Getting service instance "warehouse-management-html5-repo-host"...#
#2026 09 28 17:57:27.065#Z#DEBUG#0e88cb00-bb66-11f1-bf82-eeee0a9c991c.OPERATION#flowable-async-job-executor-thread-632#
Step "Check for service operations in Progress" finished#
#2026 09 28 17:57:26.999#Z#DEBUG#0e88cb00-bb66-11f1-bf82-eeee0a9c991c.OPERATION#flowable-async-job-executor-thread-548#
[UpdateServiceParametersStep] Executing task "UpdateServiceParametersTask" of process "109d2c39-bb66-11f1-bf82-eeee0a9c991c"...#
#2026 09 28 17:57:27.003#Z#INFO#0e88cb00-bb66-11f1-bf82-eeee0a9c991c.OPERATION#flowable-async-job-executor-thread-548#
[UpdateServiceParametersStep] Updating service "warehouse-management-auth"...#
#2026 09 28 17:57:27.012#Z#DEBUG#0e88cb00-bb66-11f1-bf82-eeee0a9c991c.OPERATION#flowable-async-job-executor-thread-548#
[UpdateServiceParametersStep] Updating service parameters for service "warehouse-management-auth"...#
#2026 09 28 17:57:27.131#Z#DEBUG#0e88cb00-bb66-11f1-bf82-eeee0a9c991c.OPERATION#flowable-async-job-executor-thread-548#
[UpdateServiceParametersStep] Service "warehouse-management-auth" updated#
#2026 09 28 17:57:27.131#Z#DEBUG#0e88cb00-bb66-11f1-bf82-eeee0a9c991c.OPERATION#flowable-async-job-executor-thread-548#
[UpdateServiceParametersStep] Triggered service operations: {
  "warehouse-management-auth" : "UPDATE"
}#
#2026 09 28 17:57:27.132#Z#DEBUG#0e88cb00-bb66-11f1-bf82-eeee0a9c991c.OPERATION#flowable-async-job-executor-thread-548#
Step "Update parameters" finished#
#2026 09 28 17:57:27.107#Z#DEBUG#0e88cb00-bb66-11f1-bf82-eeee0a9c991c.OPERATION#flowable-async-job-executor-thread-633#
[DetermineServiceCreateUpdateServiceActionsStep] Executing task "DetermineServiceCreateUpdateActionsTask" of process "10c57453-bb66-11f1-958c-eeee0a90448b"...#
#2026 09 28 17:57:27.108#Z#INFO#0e88cb00-bb66-11f1-bf82-eeee0a9c991c.OPERATION#flowable-async-job-executor-thread-633#
[DetermineServiceCreateUpdateServiceActionsStep] Processing service "warehouse-management-html5-repo-host"...#
#2026 09 28 17:57:27.123#Z#DEBUG#0e88cb00-bb66-11f1-bf82-eeee0a9c991c.OPERATION#flowable-async-job-executor-thread-633#
[DetermineServiceCreateUpdateServiceActionsStep] Getting service instance "warehouse-management-html5-repo-host"...#
#2026 09 28 17:57:27.240#Z#DEBUG#0e88cb00-bb66-11f1-bf82-eeee0a9c991c.OPERATION#flowable-async-job-executor-thread-633#
[DetermineServiceCreateUpdateServiceActionsStep] Existing service: {
  "name" : "warehouse-management-html5-repo-host",
  "metadata" : {
    "guid" : "1951b95c-f94b-4bb1-9f89-3482580b0327",
    "createdAt" : [ 2026, 9, 28, 17, 41, 8 ],
    "updatedAt" : [ 2026, 9, 28, 17, 41, 8 ]
  },
  "v3Metadata" : {
    "annotations" : {
      "mta_id" : "warehouse-management",
      "mta_version" : "1.0.0",
      "mta_resource" : "{\"name\":\"warehouse-management-html5-repo-host\"}"
    },
    "labels" : {
      "mta_id" : "73cb7dd21e297cd96a6eb1f573ce1e1f"
    }
  },
  "label" : "html5-apps-repo",
  "plan" : "app-host",
  "credentials" : "********",
  "tags" : [ ],
  "type" : "managed",
  "lastOperation" : {
    "type" : "CREATE",
    "description" : "",
    "state" : "SUCCEEDED"
  }
}#
#2026 09 28 17:57:27.240#Z#WARN#0e88cb00-bb66-11f1-bf82-eeee0a9c991c.OPERATION#flowable-async-job-executor-thread-633#
[DetermineServiceCreateUpdateServiceActionsStep] Service parameters for service "warehouse-management-html5-repo-host" will not be updated, as the parameters are not defined or empty.#
#2026 09 28 17:57:27.240#Z#DEBUG#0e88cb00-bb66-11f1-bf82-eeee0a9c991c.OPERATION#flowable-async-job-executor-thread-633#
Step "Determine update actions" finished#
#2026 09 28 17:57:27.290#Z#DEBUG#0e88cb00-bb66-11f1-bf82-eeee0a9c991c.OPERATION#flowable-async-job-executor-thread-634#
[CheckForServiceBindingOrKeyOperationStep] Executing task "CheckForServiceBindingOrKeyCreation" of process "10c57453-bb66-11f1-958c-eeee0a90448b"...#
#2026 09 28 17:57:27.292#Z#DEBUG#0e88cb00-bb66-11f1-bf82-eeee0a9c991c.OPERATION#flowable-async-job-executor-thread-634#
Step "Check for service binding or key creation" finished#
#2026 09 28 17:57:28.623#Z#DEBUG#0e88cb00-bb66-11f1-bf82-eeee0a9c991c.OPERATION#flowable-async-job-executor-thread-547#
[CheckServiceOperationStateStep] Executing task "CheckServiceOperationStateTask" of process "11d5ab93-bb66-11f1-bf82-eeee0a9c991c"...#
#2026 09 28 17:57:28.625#Z#DEBUG#0e88cb00-bb66-11f1-bf82-eeee0a9c991c.OPERATION#flowable-async-job-executor-thread-547#
[CheckServiceOperationStateStep] Getting service instance "warehouse-management-db"...#
#2026 09 28 17:57:28.726#Z#DEBUG#0e88cb00-bb66-11f1-bf82-eeee0a9c991c.OPERATION#flowable-async-job-executor-thread-547#
Step "Check for service operations in Progress" finished#
#2026 09 28 17:57:28.767#Z#DEBUG#0e88cb00-bb66-11f1-bf82-eeee0a9c991c.OPERATION#flowable-async-job-executor-thread-547#
[DetermineServiceCreateUpdateServiceActionsStep] Executing task "DetermineServiceCreateUpdateActionsTask" of process "11d5ab93-bb66-11f1-bf82-eeee0a9c991c"...#
#2026 09 28 17:57:28.769#Z#INFO#0e88cb00-bb66-11f1-bf82-eeee0a9c991c.OPERATION#flowable-async-job-executor-thread-547#
[DetermineServiceCreateUpdateServiceActionsStep] Processing service "warehouse-management-db"...#
#2026 09 28 17:57:28.778#Z#DEBUG#0e88cb00-bb66-11f1-bf82-eeee0a9c991c.OPERATION#flowable-async-job-executor-thread-547#
[DetermineServiceCreateUpdateServiceActionsStep] Getting service instance "warehouse-management-db"...#
#2026 09 28 17:57:28.887#Z#DEBUG#0e88cb00-bb66-11f1-bf82-eeee0a9c991c.OPERATION#flowable-async-job-executor-thread-547#
[DetermineServiceCreateUpdateServiceActionsStep] Existing service: {
  "name" : "warehouse-management-db",
  "metadata" : {
    "guid" : "2f229352-2f4a-4fa9-b5fd-013c7f6606f1",
    "createdAt" : [ 2026, 9, 27, 14, 51, 46 ],
    "updatedAt" : [ 2026, 9, 28, 17, 41, 7 ]
  },
  "v3Metadata" : {
    "annotations" : {
      "mta_id" : "warehouse-management",
      "mta_version" : "1.0.0",
      "mta_resource" : "{\"name\":\"warehouse-management-db\"}"
    },
    "labels" : {
      "mta_id" : "73cb7dd21e297cd96a6eb1f573ce1e1f"
    }
  },
  "label" : "hana",
  "plan" : "hdi-shared",
  "credentials" : "********",
  "tags" : [ ],
  "type" : "managed",
  "lastOperation" : {
    "type" : "UPDATE",
    "state" : "SUCCEEDED"
  }
}#
#2026 09 28 17:57:28.887#Z#WARN#0e88cb00-bb66-11f1-bf82-eeee0a9c991c.OPERATION#flowable-async-job-executor-thread-547#
[DetermineServiceCreateUpdateServiceActionsStep] Service parameters for service "warehouse-management-db" will not be updated, as the parameters are not defined or empty.#
#2026 09 28 17:57:28.887#Z#DEBUG#0e88cb00-bb66-11f1-bf82-eeee0a9c991c.OPERATION#flowable-async-job-executor-thread-547#
Step "Determine update actions" finished#
#2026 09 28 17:57:28.946#Z#DEBUG#0e88cb00-bb66-11f1-bf82-eeee0a9c991c.OPERATION#flowable-async-job-executor-thread-547#
[CheckForServiceBindingOrKeyOperationStep] Executing task "CheckForServiceBindingOrKeyCreation" of process "11d5ab93-bb66-11f1-bf82-eeee0a9c991c"...#
#2026 09 28 17:57:28.948#Z#DEBUG#0e88cb00-bb66-11f1-bf82-eeee0a9c991c.OPERATION#flowable-async-job-executor-thread-547#
Step "Check for service binding or key creation" finished#
#2026 09 28 17:57:29.559#Z#DEBUG#0e88cb00-bb66-11f1-bf82-eeee0a9c991c.OPERATION#flowable-async-job-executor-thread-187#
[CheckServiceOperationStateStep] Executing task "CheckServiceOperationStateTask" of process "1264302a-bb66-11f1-84b9-eeee0a9de0c0"...#
#2026 09 28 17:57:29.653#Z#DEBUG#0e88cb00-bb66-11f1-bf82-eeee0a9c991c.OPERATION#flowable-async-job-executor-thread-187#
[CheckServiceOperationStateStep] Getting service instance "warehouse-management-html5-runtime"...#
#2026 09 28 17:57:29.798#Z#DEBUG#0e88cb00-bb66-11f1-bf82-eeee0a9c991c.OPERATION#flowable-async-job-executor-thread-187#
Step "Check for service operations in Progress" finished#
#2026 09 28 17:57:29.846#Z#DEBUG#0e88cb00-bb66-11f1-bf82-eeee0a9c991c.OPERATION#flowable-async-job-executor-thread-188#
[DetermineServiceCreateUpdateServiceActionsStep] Executing task "DetermineServiceCreateUpdateActionsTask" of process "1264302a-bb66-11f1-84b9-eeee0a9de0c0"...#
#2026 09 28 17:57:29.849#Z#INFO#0e88cb00-bb66-11f1-bf82-eeee0a9c991c.OPERATION#flowable-async-job-executor-thread-188#
[DetermineServiceCreateUpdateServiceActionsStep] Processing service "warehouse-management-html5-runtime"...#
#2026 09 28 17:57:29.864#Z#DEBUG#0e88cb00-bb66-11f1-bf82-eeee0a9c991c.OPERATION#flowable-async-job-executor-thread-188#
[DetermineServiceCreateUpdateServiceActionsStep] Getting service instance "warehouse-management-html5-runtime"...#
#2026 09 28 17:57:29.985#Z#DEBUG#0e88cb00-bb66-11f1-bf82-eeee0a9c991c.OPERATION#flowable-async-job-executor-thread-188#
[DetermineServiceCreateUpdateServiceActionsStep] Existing service: {
  "name" : "warehouse-management-html5-runtime",
  "metadata" : {
    "guid" : "27bbb228-623d-43b9-a816-3a91355f541c",
    "createdAt" : [ 2026, 9, 28, 17, 41, 10 ],
    "updatedAt" : [ 2026, 9, 28, 17, 41, 10 ]
  },
  "v3Metadata" : {
    "annotations" : {
      "mta_id" : "warehouse-management",
      "mta_version" : "1.0.0",
      "mta_resource" : "{\"name\":\"warehouse-management-html5-runtime\"}"
    },
    "labels" : {
      "mta_id" : "73cb7dd21e297cd96a6eb1f573ce1e1f"
    }
  },
  "label" : "html5-apps-repo",
  "plan" : "app-runtime",
  "credentials" : "********",
  "tags" : [ ],
  "type" : "managed",
  "lastOperation" : {
    "type" : "CREATE",
    "description" : "",
    "state" : "SUCCEEDED"
  }
}#
#2026 09 28 17:57:29.985#Z#WARN#0e88cb00-bb66-11f1-bf82-eeee0a9c991c.OPERATION#flowable-async-job-executor-thread-188#
[DetermineServiceCreateUpdateServiceActionsStep] Service parameters for service "warehouse-management-html5-runtime" will not be updated, as the parameters are not defined or empty.#
#2026 09 28 17:57:29.986#Z#DEBUG#0e88cb00-bb66-11f1-bf82-eeee0a9c991c.OPERATION#flowable-async-job-executor-thread-188#
Step "Determine update actions" finished#
#2026 09 28 17:57:30.054#Z#DEBUG#0e88cb00-bb66-11f1-bf82-eeee0a9c991c.OPERATION#flowable-async-job-executor-thread-189#
[CheckForServiceBindingOrKeyOperationStep] Executing task "CheckForServiceBindingOrKeyCreation" of process "1264302a-bb66-11f1-84b9-eeee0a9de0c0"...#
#2026 09 28 17:57:30.056#Z#DEBUG#0e88cb00-bb66-11f1-bf82-eeee0a9c991c.OPERATION#flowable-async-job-executor-thread-189#
Step "Check for service binding or key creation" finished#
#2026 09 28 17:57:32.475#Z#DEBUG#0e88cb00-bb66-11f1-bf82-eeee0a9c991c.OPERATION#flowable-async-job-executor-thread-637#
[UpdateServiceParametersStep] Executing task "UpdateServiceParametersTask" of process "109d2c39-bb66-11f1-bf82-eeee0a9c991c"...#
#2026 09 28 17:57:32.477#Z#DEBUG#0e88cb00-bb66-11f1-bf82-eeee0a9c991c.OPERATION#flowable-async-job-executor-thread-637#
[UpdateServiceParametersStep] Polling service operations...#
#2026 09 28 17:57:32.479#Z#DEBUG#0e88cb00-bb66-11f1-bf82-eeee0a9c991c.OPERATION#flowable-async-job-executor-thread-637#
[UpdateServiceParametersStep] Getting service instance "warehouse-management-auth"...#
#2026 09 28 17:57:32.581#Z#DEBUG#0e88cb00-bb66-11f1-bf82-eeee0a9c991c.OPERATION#flowable-async-job-executor-thread-637#
[UpdateServiceParametersStep] Last operation for service "warehouse-management-auth": {
  "type" : "UPDATE",
  "description" : "",
  "state" : "SUCCEEDED"
}#
#2026 09 28 17:57:32.581#Z#DEBUG#0e88cb00-bb66-11f1-bf82-eeee0a9c991c.OPERATION#flowable-async-job-executor-thread-637#
[UpdateServiceParametersStep] Service "warehouse-management-auth" updated#
#2026 09 28 17:57:32.581#Z#INFO#0e88cb00-bb66-11f1-bf82-eeee0a9c991c.OPERATION#flowable-async-job-executor-thread-637#
[UpdateServiceParametersStep] 1 of 1 done#
#2026 09 28 17:57:32.590#Z#DEBUG#0e88cb00-bb66-11f1-bf82-eeee0a9c991c.OPERATION#flowable-async-job-executor-thread-637#
[UpdateServiceParametersStep] Remaining services to poll: [ ]#
#2026 09 28 17:57:32.591#Z#DEBUG#0e88cb00-bb66-11f1-bf82-eeee0a9c991c.OPERATION#flowable-async-job-executor-thread-637#
Step "Update parameters" finished#
#2026 09 28 17:57:32.826#Z#DEBUG#0e88cb00-bb66-11f1-bf82-eeee0a9c991c.OPERATION#flowable-async-job-executor-thread-640#
[PrepareModulesDeploymentStep] Executing task "prepareModulesDeploymentTask" of process "145c08ee-bb66-11f1-958c-eeee0a90448b"...#
#2026 09 28 17:57:32.827#Z#DEBUG#0e88cb00-bb66-11f1-bf82-eeee0a9c991c.OPERATION#flowable-async-job-executor-thread-640#
[PrepareModulesDeploymentStep] Preparing modules deployment...#
#2026 09 28 17:57:32.831#Z#DEBUG#0e88cb00-bb66-11f1-bf82-eeee0a9c991c.OPERATION#flowable-async-job-executor-thread-640#
Step "Prepare Modules Deployment" finished#
#2026 09 28 17:57:32.872#Z#DEBUG#0e88cb00-bb66-11f1-bf82-eeee0a9c991c.OPERATION#flowable-async-job-executor-thread-641#
[ComputeNextModulesStep] Executing task "computeNextModulesToDeployInParallel" of process "145c08ee-bb66-11f1-958c-eeee0a90448b"...#
#2026 09 28 17:57:32.873#Z#DEBUG#0e88cb00-bb66-11f1-bf82-eeee0a9c991c.OPERATION#flowable-async-job-executor-thread-641#
[ComputeNextModulesStep] Computing modules for next parallel iteration...#
#2026 09 28 17:57:32.875#Z#DEBUG#0e88cb00-bb66-11f1-bf82-eeee0a9c991c.OPERATION#flowable-async-job-executor-thread-641#
[ComputeNextModulesStep] Completed modules detected: []#
#2026 09 28 17:57:32.875#Z#DEBUG#0e88cb00-bb66-11f1-bf82-eeee0a9c991c.OPERATION#flowable-async-job-executor-thread-641#
[ComputeNextModulesStep] All modules for deploy detected: [warehouse-management-srv, warehouse-management-app-deployer, warehouse-management-db-deployer, warehouse-management]#
#2026 09 28 17:57:32.875#Z#DEBUG#0e88cb00-bb66-11f1-bf82-eeee0a9c991c.OPERATION#flowable-async-job-executor-thread-641#
[ComputeNextModulesStep] Modules not for deploy detected: []#
#2026 09 28 17:57:32.877#Z#DEBUG#0e88cb00-bb66-11f1-bf82-eeee0a9c991c.OPERATION#flowable-async-job-executor-thread-641#
[ComputeNextModulesStep] Computed modules for next parallel iteration: [ {
  "majorSchemaVersion" : 3,
  "name" : "warehouse-management-srv",
  "type" : "javascript.nodejs",
  "path" : "warehouse-management-srv",
  "properties" : { },
  "parameters" : {
    "app-name" : "warehouse-management-srv",
    "buildpack" : "nodejs_buildpack",
    "default-app-name" : "warehouse-management-srv",
    "default-host" : "62e2a895trial-dev-warehouse-management-srv",
    "default-instances" : 1,
    "default-live-app-name" : "warehouse-management-srv",
    "default-live-domain" : "cfapps.ap21.hana.ondemand.com",
    "default-live-host" : "62e2a895trial-dev-warehouse-management-srv",
    "default-live-uri" : "62e2a895trial-dev-warehouse-management-srv.cfapps.ap21.hana.ondemand.com",
    "default-live-url" : "https://62e2a895trial-dev-warehouse-management-srv.cfapps.ap21.hana.ondemand.com",
    "default-uri" : "62e2a895trial-dev-warehouse-management-srv.cfapps.ap21.hana.ondemand.com",
    "default-url" : "https://62e2a895trial-dev-warehouse-management-srv.cfapps.ap21.hana.ondemand.com",
    "dependency-type" : "soft",
    "domain" : "cfapps.ap21.hana.ondemand.com",
    "generated-password" : "********",
    "generated-user" : "********",
    "host" : "62e2a895trial-dev-warehouse-management-srv",
    "instances" : 1,
    "protocol" : "https"
  },
  "requiredDependencies" : [ {
    "majorSchemaVersion" : 3,
    "name" : "********",
    "properties" : { },
    "parameters" : { },
    "propertiesMetadata" : {
      "metadata" : { }
    },
    "parametersMetadata" : {
      "metadata" : { }
    }
  }, {
    "majorSchemaVersion" : 3,
    "name" : "warehouse-management-db",
    "properties" : { },
    "parameters" : { },
    "propertiesMetadata" : {
      "metadata" : { }
    },
    "parametersMetadata" : {
      "metadata" : { }
    }
  } ],
  "providedDependencies" : [ {
    "majorSchemaVersion" : 3,
    "name" : "srv-api",
    "isPublic" : false,
    "properties" : {
      "srv-url" : "https://62e2a895trial-dev-warehouse-management-srv.cfapps.ap21.hana.ondemand.com"
    },
    "parameters" : { },
    "propertiesMetadata" : {
      "metadata" : { }
    },
    "parametersMetadata" : {
      "metadata" : { }
    }
  }, {
    "majorSchemaVersion" : 3,
    "name" : "warehouse-management-srv",
    "isPublic" : false,
    "properties" : { },
    "parameters" : { },
    "propertiesMetadata" : {
      "metadata" : { }
    },
    "parametersMetadata" : {
      "metadata" : { }
    }
  } ],
  "propertiesMetadata" : {
    "metadata" : { }
  },
  "parametersMetadata" : {
    "metadata" : { }
  },
  "deployedAfter" : [ ],
  "hooks" : [ ]
}, {
  "majorSchemaVersion" : 3,
  "name" : "warehouse-management-db-deployer",
  "type" : "com.sap.xs.hdi",
  "path" : "warehouse-management-db-deployer",
  "properties" : {
    "EXIT" : 1
  },
  "parameters" : {
    "app-name" : "warehouse-management-db-deployer",
    "buildpack" : "nodejs_buildpack",
    "default-app-name" : "warehouse-management-db-deployer",
    "default-host" : "62e2a895trial-dev-warehouse-management-db-deployer",
    "default-instances" : 1,
    "default-live-app-name" : "warehouse-management-db-deployer",
    "default-live-domain" : "cfapps.ap21.hana.ondemand.com",
    "default-live-host" : "62e2a895trial-dev-warehouse-management-db-deployer",
    "default-live-uri" : "62e2a895trial-dev-warehouse-management-db-deployer.cfapps.ap21.hana.ondemand.com",
    "default-live-url" : "https://62e2a895trial-dev-warehouse-management-db-deployer.cfapps.ap21.hana.ondemand.com",
    "default-uri" : "62e2a895trial-dev-warehouse-management-db-deployer.cfapps.ap21.hana.ondemand.com",
    "default-url" : "https://62e2a895trial-dev-warehouse-management-db-deployer.cfapps.ap21.hana.ondemand.com",
    "dependency-type" : "hard",
    "domain" : "cfapps.ap21.hana.ondemand.com",
    "generated-password" : "********",
    "generated-user" : "********",
    "host" : "62e2a895trial-dev-warehouse-management-db-deployer",
    "instances" : 1,
    "memory" : "256M",
    "no-route" : true,
    "no-start" : true,
    "protocol" : "https",
    "tasks" : [ {
      "command" : "npm start",
      "memory" : "256M",
      "name" : "deploy"
    } ]
  },
  "requiredDependencies" : [ {
    "majorSchemaVersion" : 3,
    "name" : "warehouse-management-db",
    "properties" : { },
    "parameters" : { },
    "propertiesMetadata" : {
      "metadata" : { }
    },
    "parametersMetadata" : {
      "metadata" : { }
    }
  } ],
  "providedDependencies" : [ {
    "majorSchemaVersion" : 3,
    "name" : "warehouse-management-db-deployer",
    "isPublic" : false,
    "properties" : { },
    "parameters" : { },
    "propertiesMetadata" : {
      "metadata" : { }
    },
    "parametersMetadata" : {
      "metadata" : { }
    }
  } ],
  "propertiesMetadata" : {
    "metadata" : { }
  },
  "parametersMetadata" : {
    "metadata" : { }
  },
  "deployedAfter" : [ ],
  "hooks" : [ ]
}, {
  "majorSchemaVersion" : 3,
  "name" : "warehouse-management",
  "type" : "javascript.nodejs",
  "path" : "warehouse-management",
  "properties" : { },
  "parameters" : {
    "app-name" : "warehouse-management",
    "default-app-name" : "warehouse-management",
    "default-host" : "62e2a895trial-dev-warehouse-management",
    "default-instances" : 1,
    "default-live-app-name" : "warehouse-management",
    "default-live-domain" : "cfapps.ap21.hana.ondemand.com",
    "default-live-host" : "62e2a895trial-dev-warehouse-management",
    "default-live-uri" : "62e2a895trial-dev-warehouse-management.cfapps.ap21.hana.ondemand.com",
    "default-live-url" : "https://62e2a895trial-dev-warehouse-management.cfapps.ap21.hana.ondemand.com",
    "default-uri" : "62e2a895trial-dev-warehouse-management.cfapps.ap21.hana.ondemand.com",
    "default-url" : "https://62e2a895trial-dev-warehouse-management.cfapps.ap21.hana.ondemand.com",
    "dependency-type" : "soft",
    "disk-quota" : "256M",
    "domain" : "cfapps.ap21.hana.ondemand.com",
    "generated-password" : "********",
    "generated-user" : "********",
    "host" : "62e2a895trial-dev-warehouse-management",
    "instances" : 1,
    "keep-existing-routes" : true,
    "memory" : "256M",
    "protocol" : "https"
  },
  "requiredDependencies" : [ {
    "majorSchemaVersion" : 3,
    "name" : "srv-api",
    "group" : "destinations",
    "properties" : {
      "forwardAuthToken" : "********",
      "name" : "srv-api",
      "url" : "https://62e2a895trial-dev-warehouse-management-srv.cfapps.ap21.hana.ondemand.com"
    },
    "parameters" : { },
    "propertiesMetadata" : {
      "metadata" : { }
    },
    "parametersMetadata" : {
      "metadata" : { }
    }
  }, {
    "majorSchemaVersion" : 3,
    "name" : "********",
    "properties" : { },
    "parameters" : { },
    "propertiesMetadata" : {
      "metadata" : { }
    },
    "parametersMetadata" : {
      "metadata" : { }
    }
  }, {
    "majorSchemaVersion" : 3,
    "name" : "warehouse-management-html5-runtime",
    "properties" : { },
    "parameters" : { },
    "propertiesMetadata" : {
      "metadata" : { }
    },
    "parametersMetadata" : {
      "metadata" : { }
    }
  } ],
  "providedDependencies" : [ {
    "majorSchemaVersion" : 3,
    "name" : "app-api",
    "isPublic" : false,
    "properties" : {
      "app-protocol" : "https",
      "app-uri" : "62e2a895trial-dev-warehouse-management.cfapps.ap21.hana.ondemand.com"
    },
    "parameters" : { },
    "propertiesMetadata" : {
      "metadata" : { }
    },
    "parametersMetadata" : {
      "metadata" : { }
    }
  }, {
    "majorSchemaVersion" : 3,
    "name" : "warehouse-management",
    "isPublic" : false,
    "properties" : { },
    "parameters" : { },
    "propertiesMetadata" : {
      "metadata" : { }
    },
    "parametersMetadata" : {
      "metadata" : { }
    }
  } ],
  "propertiesMetadata" : {
    "metadata" : { }
  },
  "parametersMetadata" : {
    "metadata" : { }
  },
  "deployedAfter" : [ ],
  "hooks" : [ ]
}, {
  "majorSchemaVersion" : 3,
  "name" : "warehouse-management-app-deployer",
  "type" : "com.sap.application.content",
  "path" : "warehouse-management-app-deployer",
  "properties" : { },
  "parameters" : {
    "app-name" : "warehouse-management-app-deployer",
    "default-app-name" : "warehouse-management-app-deployer",
    "default-host" : "62e2a895trial-dev-warehouse-management-app-deployer",
    "default-instances" : 1,
    "default-live-app-name" : "warehouse-management-app-deployer",
    "default-live-domain" : "cfapps.ap21.hana.ondemand.com",
    "default-live-host" : "62e2a895trial-dev-warehouse-management-app-deployer",
    "default-live-uri" : "62e2a895trial-dev-warehouse-management-app-deployer.cfapps.ap21.hana.ondemand.com",
    "default-live-url" : "https://62e2a895trial-dev-warehouse-management-app-deployer.cfapps.ap21.hana.ondemand.com",
    "default-uri" : "62e2a895trial-dev-warehouse-management-app-deployer.cfapps.ap21.hana.ondemand.com",
    "default-url" : "https://62e2a895trial-dev-warehouse-management-app-deployer.cfapps.ap21.hana.ondemand.com",
    "dependency-type" : "soft",
    "domain" : "cfapps.ap21.hana.ondemand.com",
    "generated-password" : "********",
    "generated-user" : "********",
    "host" : "62e2a895trial-dev-warehouse-management-app-deployer",
    "instances" : 1,
    "protocol" : "https"
  },
  "requiredDependencies" : [ {
    "majorSchemaVersion" : 3,
    "name" : "********",
    "properties" : { },
    "parameters" : { },
    "propertiesMetadata" : {
      "metadata" : { }
    },
    "parametersMetadata" : {
      "metadata" : { }
    }
  }, {
    "majorSchemaVersion" : 3,
    "name" : "srv-api",
    "properties" : { },
    "parameters" : { },
    "propertiesMetadata" : {
      "metadata" : { }
    },
    "parametersMetadata" : {
      "metadata" : { }
    }
  }, {
    "majorSchemaVersion" : 3,
    "name" : "warehouse-management-html5-repo-host",
    "properties" : { },
    "parameters" : {
      "config" : {
        "HTML5Runtime_enabled" : true
      },
      "content-target" : true
    },
    "propertiesMetadata" : {
      "metadata" : { }
    },
    "parametersMetadata" : {
      "metadata" : { }
    }
  } ],
  "providedDependencies" : [ {
    "majorSchemaVersion" : 3,
    "name" : "warehouse-management-app-deployer",
    "isPublic" : false,
    "properties" : { },
    "parameters" : { },
    "propertiesMetadata" : {
      "metadata" : { }
    },
    "parametersMetadata" : {
      "metadata" : { }
    }
  } ],
  "propertiesMetadata" : {
    "metadata" : { }
  },
  "parametersMetadata" : {
    "metadata" : { }
  },
  "deployedAfter" : [ ],
  "hooks" : [ ]
} ]#
#2026 09 28 17:57:32.877#Z#DEBUG#0e88cb00-bb66-11f1-bf82-eeee0a9c991c.OPERATION#flowable-async-job-executor-thread-641#
Step "Compute Next Modules To Deploy" finished#
#2026 09 28 17:57:33.052#Z#DEBUG#0e88cb00-bb66-11f1-bf82-eeee0a9c991c.OPERATION#flowable-async-job-executor-thread-641#
[ProcessDescriptorStep] Executing task "reprocessDescriptorTask" of process "147731e6-bb66-11f1-958c-eeee0a90448b"...#
#2026 09 28 17:57:33.053#Z#DEBUG#0e88cb00-bb66-11f1-bf82-eeee0a9c991c.OPERATION#flowable-async-job-executor-thread-641#
[ProcessDescriptorStep] Resolving properties and parameters in merged descriptor...#
#2026 09 28 17:57:33.060#Z#DEBUG#0e88cb00-bb66-11f1-bf82-eeee0a9c991c.OPERATION#flowable-async-job-executor-thread-641#
[ProcessDescriptorStep] Subscriptions: [ ]#
#2026 09 28 17:57:33.069#Z#DEBUG#0e88cb00-bb66-11f1-bf82-eeee0a9c991c.OPERATION#flowable-async-job-executor-thread-641#
[ProcessDescriptorStep] MTA modules: [warehouse-management-srv, warehouse-management-app-deployer, warehouse-management-db-deployer, warehouse-management]#
#2026 09 28 17:57:33.075#Z#DEBUG#0e88cb00-bb66-11f1-bf82-eeee0a9c991c.OPERATION#flowable-async-job-executor-thread-641#
[ProcessDescriptorStep] Resolved deployment descriptor: {
  "majorSchemaVersion" : 3,
  "schemaVersion" : "3.3.0",
  "id" : "warehouse-management",
  "version" : "1.0.0",
  "modules" : [ {
    "majorSchemaVersion" : 3,
    "name" : "warehouse-management-srv",
    "type" : "javascript.nodejs",
    "path" : "warehouse-management-srv",
    "properties" : { },
    "parameters" : {
      "default-url" : "https://62e2a895trial-dev-warehouse-management-srv.cfapps.ap21.hana.ondemand.com",
      "default-app-name" : "warehouse-management-srv",
      "generated-password" : "********",
      "default-live-url" : "https://62e2a895trial-dev-warehouse-management-srv.cfapps.ap21.hana.ondemand.com",
      "default-uri" : "62e2a895trial-dev-warehouse-management-srv.cfapps.ap21.hana.ondemand.com",
      "default-instances" : 1,
      "default-live-host" : "62e2a895trial-dev-warehouse-management-srv",
      "instances" : 1,
      "buildpack" : "nodejs_buildpack",
      "default-host" : "62e2a895trial-dev-warehouse-management-srv",
      "app-name" : "warehouse-management-srv",
      "default-live-uri" : "62e2a895trial-dev-warehouse-management-srv.cfapps.ap21.hana.ondemand.com",
      "protocol" : "https",
      "default-live-app-name" : "warehouse-management-srv",
      "default-live-domain" : "cfapps.ap21.hana.ondemand.com",
      "domain" : "cfapps.ap21.hana.ondemand.com",
      "host" : "62e2a895trial-dev-warehouse-management-srv",
      "generated-user" : "********"
    },
    "requiredDependencies" : [ {
      "majorSchemaVersion" : 3,
      "name" : "********",
      "properties" : { },
      "parameters" : { },
      "propertiesMetadata" : {
        "metadata" : { }
      },
      "parametersMetadata" : {
        "metadata" : { }
      }
    }, {
      "majorSchemaVersion" : 3,
      "name" : "warehouse-management-db",
      "properties" : { },
      "parameters" : { },
      "propertiesMetadata" : {
        "metadata" : { }
      },
      "parametersMetadata" : {
        "metadata" : { }
      }
    } ],
    "providedDependencies" : [ {
      "majorSchemaVersion" : 3,
      "name" : "srv-api",
      "isPublic" : false,
      "properties" : {
        "srv-url" : "https://62e2a895trial-dev-warehouse-management-srv.cfapps.ap21.hana.ondemand.com"
      },
      "parameters" : { },
      "propertiesMetadata" : {
        "metadata" : { }
      },
      "parametersMetadata" : {
        "metadata" : { }
      }
    }, {
      "majorSchemaVersion" : 3,
      "name" : "warehouse-management-srv",
      "isPublic" : false,
      "properties" : { },
      "parameters" : { },
      "propertiesMetadata" : {
        "metadata" : { }
      },
      "parametersMetadata" : {
        "metadata" : { }
      }
    } ],
    "propertiesMetadata" : {
      "metadata" : { }
    },
    "parametersMetadata" : {
      "metadata" : { }
    },
    "hooks" : [ ]
  }, {
    "majorSchemaVersion" : 3,
    "name" : "warehouse-management-db-deployer",
    "type" : "com.sap.xs.hdi",
    "path" : "warehouse-management-db-deployer",
    "properties" : {
      "EXIT" : 1
    },
    "parameters" : {
      "default-url" : "https://62e2a895trial-dev-warehouse-management-db-deployer.cfapps.ap21.hana.ondemand.com",
      "default-app-name" : "warehouse-management-db-deployer",
      "generated-password" : "********",
      "default-live-url" : "https://62e2a895trial-dev-warehouse-management-db-deployer.cfapps.ap21.hana.ondemand.com",
      "default-uri" : "62e2a895trial-dev-warehouse-management-db-deployer.cfapps.ap21.hana.ondemand.com",
      "memory" : "256M",
      "default-instances" : 1,
      "no-route" : true,
      "default-live-host" : "62e2a895trial-dev-warehouse-management-db-deployer",
      "instances" : 1,
      "buildpack" : "nodejs_buildpack",
      "default-host" : "62e2a895trial-dev-warehouse-management-db-deployer",
      "app-name" : "warehouse-management-db-deployer",
      "default-live-uri" : "62e2a895trial-dev-warehouse-management-db-deployer.cfapps.ap21.hana.ondemand.com",
      "protocol" : "https",
      "default-live-app-name" : "warehouse-management-db-deployer",
      "default-live-domain" : "cfapps.ap21.hana.ondemand.com",
      "dependency-type" : "hard",
      "domain" : "cfapps.ap21.hana.ondemand.com",
      "host" : "62e2a895trial-dev-warehouse-management-db-deployer",
      "generated-user" : "********",
      "tasks" : [ {
        "command" : "npm start",
        "memory" : "256M",
        "name" : "deploy"
      } ],
      "no-start" : true
    },
    "requiredDependencies" : [ {
      "majorSchemaVersion" : 3,
      "name" : "warehouse-management-db",
      "properties" : { },
      "parameters" : { },
      "propertiesMetadata" : {
        "metadata" : { }
      },
      "parametersMetadata" : {
        "metadata" : { }
      }
    } ],
    "providedDependencies" : [ {
      "majorSchemaVersion" : 3,
      "name" : "warehouse-management-db-deployer",
      "isPublic" : false,
      "properties" : { },
      "parameters" : { },
      "propertiesMetadata" : {
        "metadata" : { }
      },
      "parametersMetadata" : {
        "metadata" : { }
      }
    } ],
    "propertiesMetadata" : {
      "metadata" : { }
    },
    "parametersMetadata" : {
      "metadata" : { }
    },
    "hooks" : [ ]
  }, {
    "majorSchemaVersion" : 3,
    "name" : "warehouse-management",
    "type" : "javascript.nodejs",
    "path" : "warehouse-management",
    "properties" : { },
    "parameters" : {
      "default-url" : "https://62e2a895trial-dev-warehouse-management.cfapps.ap21.hana.ondemand.com",
      "default-app-name" : "warehouse-management",
      "generated-password" : "********",
      "default-live-url" : "https://62e2a895trial-dev-warehouse-management.cfapps.ap21.hana.ondemand.com",
      "default-uri" : "62e2a895trial-dev-warehouse-management.cfapps.ap21.hana.ondemand.com",
      "memory" : "256M",
      "default-instances" : 1,
      "default-live-host" : "62e2a895trial-dev-warehouse-management",
      "instances" : 1,
      "default-host" : "62e2a895trial-dev-warehouse-management",
      "keep-existing-routes" : true,
      "app-name" : "warehouse-management",
      "default-live-uri" : "62e2a895trial-dev-warehouse-management.cfapps.ap21.hana.ondemand.com",
      "protocol" : "https",
      "default-live-app-name" : "warehouse-management",
      "default-live-domain" : "cfapps.ap21.hana.ondemand.com",
      "disk-quota" : "256M",
      "domain" : "cfapps.ap21.hana.ondemand.com",
      "host" : "62e2a895trial-dev-warehouse-management",
      "generated-user" : "********"
    },
    "requiredDependencies" : [ {
      "majorSchemaVersion" : 3,
      "name" : "srv-api",
      "group" : "destinations",
      "properties" : {
        "name" : "srv-api",
        "forwardAuthToken" : "********",
        "url" : "https://62e2a895trial-dev-warehouse-management-srv.cfapps.ap21.hana.ondemand.com"
      },
      "parameters" : { },
      "propertiesMetadata" : {
        "metadata" : { }
      },
      "parametersMetadata" : {
        "metadata" : { }
      }
    }, {
      "majorSchemaVersion" : 3,
      "name" : "********",
      "properties" : { },
      "parameters" : { },
      "propertiesMetadata" : {
        "metadata" : { }
      },
      "parametersMetadata" : {
        "metadata" : { }
      }
    }, {
      "majorSchemaVersion" : 3,
      "name" : "warehouse-management-html5-runtime",
      "properties" : { },
      "parameters" : { },
      "propertiesMetadata" : {
        "metadata" : { }
      },
      "parametersMetadata" : {
        "metadata" : { }
      }
    } ],
    "providedDependencies" : [ {
      "majorSchemaVersion" : 3,
      "name" : "app-api",
      "isPublic" : false,
      "properties" : {
        "app-protocol" : "https",
        "app-uri" : "62e2a895trial-dev-warehouse-management.cfapps.ap21.hana.ondemand.com"
      },
      "parameters" : { },
      "propertiesMetadata" : {
        "metadata" : { }
      },
      "parametersMetadata" : {
        "metadata" : { }
      }
    }, {
      "majorSchemaVersion" : 3,
      "name" : "warehouse-management",
      "isPublic" : false,
      "properties" : { },
      "parameters" : { },
      "propertiesMetadata" : {
        "metadata" : { }
      },
      "parametersMetadata" : {
        "metadata" : { }
      }
    } ],
    "propertiesMetadata" : {
      "metadata" : { }
    },
    "parametersMetadata" : {
      "metadata" : { }
    },
    "hooks" : [ ]
  }, {
    "majorSchemaVersion" : 3,
    "name" : "warehouse-management-app-deployer",
    "type" : "com.sap.application.content",
    "path" : "warehouse-management-app-deployer",
    "properties" : { },
    "parameters" : {
      "default-url" : "https://62e2a895trial-dev-warehouse-management-app-deployer.cfapps.ap21.hana.ondemand.com",
      "default-app-name" : "warehouse-management-app-deployer",
      "generated-password" : "********",
      "default-live-url" : "https://62e2a895trial-dev-warehouse-management-app-deployer.cfapps.ap21.hana.ondemand.com",
      "default-uri" : "62e2a895trial-dev-warehouse-management-app-deployer.cfapps.ap21.hana.ondemand.com",
      "default-instances" : 1,
      "default-live-host" : "62e2a895trial-dev-warehouse-management-app-deployer",
      "instances" : 1,
      "default-host" : "62e2a895trial-dev-warehouse-management-app-deployer",
      "app-name" : "warehouse-management-app-deployer",
      "default-live-uri" : "62e2a895trial-dev-warehouse-management-app-deployer.cfapps.ap21.hana.ondemand.com",
      "protocol" : "https",
      "default-live-app-name" : "warehouse-management-app-deployer",
      "default-live-domain" : "cfapps.ap21.hana.ondemand.com",
      "domain" : "cfapps.ap21.hana.ondemand.com",
      "host" : "62e2a895trial-dev-warehouse-management-app-deployer",
      "generated-user" : "********"
    },
    "requiredDependencies" : [ {
      "majorSchemaVersion" : 3,
      "name" : "********",
      "properties" : { },
      "parameters" : { },
      "propertiesMetadata" : {
        "metadata" : { }
      },
      "parametersMetadata" : {
        "metadata" : { }
      }
    }, {
      "majorSchemaVersion" : 3,
      "name" : "srv-api",
      "properties" : { },
      "parameters" : { },
      "propertiesMetadata" : {
        "metadata" : { }
      },
      "parametersMetadata" : {
        "metadata" : { }
      }
    }, {
      "majorSchemaVersion" : 3,
      "name" : "warehouse-management-html5-repo-host",
      "properties" : { },
      "parameters" : {
        "config" : {
          "HTML5Runtime_enabled" : true
        },
        "content-target" : true
      },
      "propertiesMetadata" : {
        "metadata" : { }
      },
      "parametersMetadata" : {
        "metadata" : { }
      }
    } ],
    "providedDependencies" : [ {
      "majorSchemaVersion" : 3,
      "name" : "warehouse-management-app-deployer",
      "isPublic" : false,
      "properties" : { },
      "parameters" : { },
      "propertiesMetadata" : {
        "metadata" : { }
      },
      "parametersMetadata" : {
        "metadata" : { }
      }
    } ],
    "propertiesMetadata" : {
      "metadata" : { }
    },
    "parametersMetadata" : {
      "metadata" : { }
    },
    "hooks" : [ ]
  } ],
  "resources" : [ {
    "majorSchemaVersion" : 3,
    "name" : "********",
    "type" : "org.cloudfoundry.managed-service",
    "properties" : { },
    "parameters" : {
      "generated-password" : "********",
      "path" : "./xs-security.json",
      "service-name" : "********",
      "service-plan" : "application",
      "service" : "xsuaa",
      "generated-user" : "********",
      "default-xsappname" : "********",
      "type" : "managed-service",
      "config" : {
        "oauth2-configuration" : "********",
        "role-collections" : [ {
          "description" : "generated",
          "name" : "WarehouseEmployee (warehouse-management 62e2a895trial-dev)",
          "role-template-references" : [ "$XSAPPNAME.WarehouseEmployee" ]
        }, {
          "description" : "generated",
          "name" : "WarehouseAdmin (warehouse-management 62e2a895trial-dev)",
          "role-template-references" : [ "$XSAPPNAME.WarehouseAdmin" ]
        } ],
        "tenant-mode" : "dedicated",
        "xsappname" : "warehouse-management-62e2a895trial-dev"
      },
      "default-service-name" : "********",
      "default-container-name" : "********"
    },
    "isActive" : true,
    "isOptional" : false,
    "propertiesMetadata" : {
      "metadata" : { }
    },
    "parametersMetadata" : {
      "metadata" : { }
    },
    "requiredDependencies" : [ {
      "majorSchemaVersion" : 3,
      "name" : "app-api",
      "properties" : { },
      "parameters" : { },
      "propertiesMetadata" : {
        "metadata" : { }
      },
      "parametersMetadata" : {
        "metadata" : { }
      }
    } ],
    "processedAfter" : [ ]
  }, {
    "majorSchemaVersion" : 3,
    "name" : "warehouse-management-db",
    "type" : "com.sap.xs.hdi-container",
    "properties" : { },
    "parameters" : {
      "generated-password" : "********",
      "service-name" : "warehouse-management-db",
      "service-plan" : "hdi-shared",
      "service" : "hana",
      "generated-user" : "********",
      "default-xsappname" : "warehouse-management-db",
      "type" : "managed-service",
      "default-service-name" : "warehouse-management-db",
      "default-container-name" : "62E2A895TRIAL_DEV_WAREHOUSE_MANAGEMENT_DB"
    },
    "isActive" : true,
    "isOptional" : false,
    "propertiesMetadata" : {
      "metadata" : { }
    },
    "parametersMetadata" : {
      "metadata" : { }
    },
    "requiredDependencies" : [ ],
    "processedAfter" : [ ]
  }, {
    "majorSchemaVersion" : 3,
    "name" : "warehouse-management-html5-repo-host",
    "type" : "org.cloudfoundry.managed-service",
    "properties" : { },
    "parameters" : {
      "generated-password" : "********",
      "service-name" : "warehouse-management-html5-repo-host",
      "service-plan" : "app-host",
      "service" : "html5-apps-repo",
      "generated-user" : "********",
      "default-xsappname" : "warehouse-management-html5-repo-host",
      "type" : "managed-service",
      "default-service-name" : "warehouse-management-html5-repo-host",
      "default-container-name" : "62E2A895TRIAL_DEV_WAREHOUSE_MANAGEMENT_HTML5_REPO_HOST"
    },
    "isActive" : true,
    "isOptional" : false,
    "propertiesMetadata" : {
      "metadata" : { }
    },
    "parametersMetadata" : {
      "metadata" : { }
    },
    "requiredDependencies" : [ ],
    "processedAfter" : [ ]
  }, {
    "majorSchemaVersion" : 3,
    "name" : "warehouse-management-html5-runtime",
    "type" : "org.cloudfoundry.managed-service",
    "properties" : { },
    "parameters" : {
      "generated-password" : "********",
      "service-name" : "warehouse-management-html5-runtime",
      "service-plan" : "app-runtime",
      "service" : "html5-apps-repo",
      "generated-user" : "********",
      "default-xsappname" : "warehouse-management-html5-runtime",
      "type" : "managed-service",
      "default-service-name" : "warehouse-management-html5-runtime",
      "default-container-name" : "62E2A895TRIAL_DEV_WAREHOUSE_MANAGEMENT_HTML5_RUNTIME"
    },
    "isActive" : true,
    "isOptional" : false,
    "propertiesMetadata" : {
      "metadata" : { }
    },
    "parametersMetadata" : {
      "metadata" : { }
    },
    "requiredDependencies" : [ ],
    "processedAfter" : [ ]
  } ],
  "parameters" : {
    "deploy_mode" : "html5-repo",
    "mta-id" : "warehouse-management",
    "authorization-url" : "********",
    "org-guid" : "315089a0-fdef-4d20-958f-61c9996fee50",
    "org" : "62e2a895trial",
    "deploy-target" : "62e2a895trial dev",
    "enable-parallel-deployments" : true,
    "region-primary-domain" : "ap21.hana.ondemand.com",
    "space" : "dev",
    "region-domain" : "ap21.hana.ondemand.com",
    "xs-api-url" : "https://api.cf.ap21.hana.ondemand.com",
    "deploy-url" : "deploy-service.cfapps.ap21.hana.ondemand.com",
    "xs-type" : "CF",
    "default-domain" : "cfapps.ap21.hana.ondemand.com",
    "mta-version" : "1.0.0",
    "xs-auth-url" : "********",
    "space-guid" : "a0aa86ab-27d5-49c9-872a-5b495a8a9781",
    "user" : "********",
    "controller-url" : "https://api.cf.ap21.hana.ondemand.com",
    "timestamp" : "20260928175723"
  },
  "parametersMetadata" : {
    "metadata" : { }
  }
}#
#2026 09 28 17:57:33.076#Z#DEBUG#0e88cb00-bb66-11f1-bf82-eeee0a9c991c.OPERATION#flowable-async-job-executor-thread-641#
[ProcessDescriptorStep] Merged descriptor properties and parameters resolved#
#2026 09 28 17:57:33.076#Z#DEBUG#0e88cb00-bb66-11f1-bf82-eeee0a9c991c.OPERATION#flowable-async-job-executor-thread-641#
Step "Re-Process Descriptor Step" finished#
#2026 09 28 17:57:33.116#Z#DEBUG#0e88cb00-bb66-11f1-bf82-eeee0a9c991c.OPERATION#flowable-async-job-executor-thread-641#
[BuildApplicationDeployModelStep] Executing task "buildApplicationDeployModelTask" of process "147731e6-bb66-11f1-958c-eeee0a90448b"...#
#2026 09 28 17:57:33.119#Z#DEBUG#0e88cb00-bb66-11f1-bf82-eeee0a9c991c.OPERATION#flowable-async-job-executor-thread-641#
[BuildApplicationDeployModelStep] Building cloud deployment model for application "warehouse-management"...#
#2026 09 28 17:57:33.123#Z#DEBUG#0e88cb00-bb66-11f1-bf82-eeee0a9c991c.OPERATION#flowable-async-job-executor-thread-641#
[BuildApplicationDeployModelStep] Getting routes for application "771302de-d443-481b-8eae-700cc4bb0b2f"...#
#2026 09 28 17:57:33.167#Z#DEBUG#0e88cb00-bb66-11f1-bf82-eeee0a9c991c.OPERATION#flowable-async-job-executor-thread-641#
[BuildApplicationDeployModelStep] No health-check-type is specified. Setting default type: port#
#2026 09 28 17:57:33.169#Z#INFO#0e88cb00-bb66-11f1-bf82-eeee0a9c991c.OPERATION#flowable-async-job-executor-thread-641#
[BuildApplicationDeployModelStep] Building configuration entries for org 62e2a895trial, space dev, spaceId a0aa86ab-27d5-49c9-872a-5b495a8a9781 and namespace null!#
#2026 09 28 17:57:33.171#Z#DEBUG#0e88cb00-bb66-11f1-bf82-eeee0a9c991c.OPERATION#flowable-async-job-executor-thread-641#
[BuildApplicationDeployModelStep] Configuration entries to publish: [ ]#
#2026 09 28 17:57:33.171#Z#DEBUG#0e88cb00-bb66-11f1-bf82-eeee0a9c991c.OPERATION#flowable-async-job-executor-thread-641#
[BuildApplicationDeployModelStep] Cloud deployment model for application built#
#2026 09 28 17:57:33.171#Z#DEBUG#0e88cb00-bb66-11f1-bf82-eeee0a9c991c.OPERATION#flowable-async-job-executor-thread-641#
Step "Build Application Deploy Model" finished#
#2026 09 28 17:57:33.213#Z#DEBUG#0e88cb00-bb66-11f1-bf82-eeee0a9c991c.OPERATION#flowable-async-job-executor-thread-641#
[CreateOrUpdateAppStep] Executing task "createAppTask" of process "147731e6-bb66-11f1-958c-eeee0a90448b"...#
#2026 09 28 17:57:33.214#Z#DEBUG#0e88cb00-bb66-11f1-bf82-eeee0a9c991c.OPERATION#flowable-async-job-executor-thread-641#
[CreateOrUpdateAppStep] Getting application "warehouse-management"...#
#2026 09 28 17:57:33.240#Z#INFO#0e88cb00-bb66-11f1-bf82-eeee0a9c991c.OPERATION#flowable-async-job-executor-thread-641#
[CreateOrUpdateAppStep] Updating application "warehouse-management"...#
#2026 09 28 17:57:33.250#Z#DEBUG#0e88cb00-bb66-11f1-bf82-eeee0a9c991c.OPERATION#flowable-async-job-executor-thread-641#
[CreateOrUpdateAppStep] Getting process for application "771302de-d443-481b-8eae-700cc4bb0b2f"...#
#2026 09 28 17:57:33.287#Z#DEBUG#0e88cb00-bb66-11f1-bf82-eeee0a9c991c.OPERATION#flowable-async-job-executor-thread-641#
[CreateOrUpdateAppStep] Getting routes for application "771302de-d443-481b-8eae-700cc4bb0b2f"...#
#2026 09 28 17:57:33.319#Z#DEBUG#0e88cb00-bb66-11f1-bf82-eeee0a9c991c.OPERATION#flowable-async-job-executor-thread-641#
[CreateOrUpdateAppStep] Getting features for application "771302de-d443-481b-8eae-700cc4bb0b2f"#
#2026 09 28 17:57:33.352#Z#DEBUG#0e88cb00-bb66-11f1-bf82-eeee0a9c991c.OPERATION#flowable-async-job-executor-thread-641#
[CreateOrUpdateAppStep] Updating staging of application "warehouse-management" to: {
  "buildpacks" : [ ],
  "healthCheckType" : "port",
  "appFeatures" : { }
}#
#2026 09 28 17:57:33.612#Z#DEBUG#0e88cb00-bb66-11f1-bf82-eeee0a9c991c.OPERATION#flowable-async-job-executor-thread-641#
[CreateOrUpdateAppStep] Application "warehouse-management" updated#
#2026 09 28 17:57:33.612#Z#DEBUG#0e88cb00-bb66-11f1-bf82-eeee0a9c991c.OPERATION#flowable-async-job-executor-thread-641#
[CreateOrUpdateAppStep] Getting environment of application "771302de-d443-481b-8eae-700cc4bb0b2f"...#
#2026 09 28 17:57:33.697#Z#DEBUG#0e88cb00-bb66-11f1-bf82-eeee0a9c991c.OPERATION#flowable-async-job-executor-thread-641#
[CreateOrUpdateAppStep] Application "warehouse-management" updated#
#2026 09 28 17:57:33.697#Z#DEBUG#0e88cb00-bb66-11f1-bf82-eeee0a9c991c.OPERATION#flowable-async-job-executor-thread-641#
Step "Create App" finished#
#2026 09 28 17:57:33.799#Z#DEBUG#0e88cb00-bb66-11f1-bf82-eeee0a9c991c.OPERATION#flowable-async-job-executor-thread-641#
[CheckServiceBindingOperationStep] Executing task "checkForServiceBindingOperationInProgress" of process "14f00abf-bb66-11f1-958c-eeee0a90448b"...#
#2026 09 28 17:57:33.799#Z#DEBUG#0e88cb00-bb66-11f1-bf82-eeee0a9c991c.OPERATION#flowable-async-job-executor-thread-641#
[CheckServiceBindingOperationStep] Checking for service binding operation in progress between app "warehouse-management" and service instance "warehouse-management-auth"#
#2026 09 28 17:57:33.800#Z#DEBUG#0e88cb00-bb66-11f1-bf82-eeee0a9c991c.OPERATION#flowable-async-job-executor-thread-641#
[CheckServiceBindingOperationStep] Getting application guid "warehouse-management"...#
#2026 09 28 17:57:33.836#Z#DEBUG#0e88cb00-bb66-11f1-bf82-eeee0a9c991c.OPERATION#flowable-async-job-executor-thread-641#
[CheckServiceBindingOperationStep] Getting GUID of required service instance "warehouse-management-auth"...#
#2026 09 28 17:57:33.866#Z#DEBUG#0e88cb00-bb66-11f1-bf82-eeee0a9c991c.OPERATION#flowable-async-job-executor-thread-641#
[CheckServiceBindingOperationStep] Getting binding of service instance "7e14d333-6b78-451b-8707-51be6945cffe" with application "771302de-d443-481b-8eae-700cc4bb0b2f"...#
#2026 09 28 17:57:33.905#Z#DEBUG#0e88cb00-bb66-11f1-bf82-eeee0a9c991c.OPERATION#flowable-async-job-executor-thread-641#
[CheckServiceBindingOperationStep] Service binding operation "406562f7-d2d6-4d44-9b7a-879e239a399e" with type "create" is in state "succeeded"#
#2026 09 28 17:57:33.905#Z#DEBUG#0e88cb00-bb66-11f1-bf82-eeee0a9c991c.OPERATION#flowable-async-job-executor-thread-641#
Step "Check For Service Binding Operation In Progress" finished#
#2026 09 28 17:57:33.942#Z#DEBUG#0e88cb00-bb66-11f1-bf82-eeee0a9c991c.OPERATION#flowable-async-job-executor-thread-641#
[DetermineApplicationServiceBindingActionsStep] Executing task "determineApplicationServiceBindingActionsTask" of process "14f00abf-bb66-11f1-958c-eeee0a90448b"...#
#2026 09 28 17:57:33.944#Z#DEBUG#0e88cb00-bb66-11f1-bf82-eeee0a9c991c.OPERATION#flowable-async-job-executor-thread-641#
[DetermineApplicationServiceBindingActionsStep] Determine bind/unbind operations of application "warehouse-management" to service instance "warehouse-management-auth"#
#2026 09 28 17:57:33.944#Z#DEBUG#0e88cb00-bb66-11f1-bf82-eeee0a9c991c.OPERATION#flowable-async-job-executor-thread-641#
[DetermineApplicationServiceBindingActionsStep] Getting application "warehouse-management"...#
#2026 09 28 17:57:33.979#Z#DEBUG#0e88cb00-bb66-11f1-bf82-eeee0a9c991c.OPERATION#flowable-async-job-executor-thread-641#
[DetermineApplicationServiceBindingActionsStep] Binding parameters for application "warehouse-management": { }#
#2026 09 28 17:57:34.023#Z#DEBUG#0e88cb00-bb66-11f1-bf82-eeee0a9c991c.OPERATION#flowable-async-job-executor-thread-641#
[DetermineApplicationServiceBindingActionsStep] Check should rebind application "warehouse-management" and service instance "warehouse-management-auth"#
#2026 09 28 17:57:34.024#Z#DEBUG#0e88cb00-bb66-11f1-bf82-eeee0a9c991c.OPERATION#flowable-async-job-executor-thread-641#
[DetermineApplicationServiceBindingActionsStep] Getting GUID of required service instance "warehouse-management-auth"...#
#2026 09 28 17:57:34.059#Z#DEBUG#0e88cb00-bb66-11f1-bf82-eeee0a9c991c.OPERATION#flowable-async-job-executor-thread-641#
[DetermineApplicationServiceBindingActionsStep] Getting binding of service instance "7e14d333-6b78-451b-8707-51be6945cffe" with application "771302de-d443-481b-8eae-700cc4bb0b2f"...#
#2026 09 28 17:57:34.096#Z#DEBUG#0e88cb00-bb66-11f1-bf82-eeee0a9c991c.OPERATION#flowable-async-job-executor-thread-641#
[DetermineApplicationServiceBindingActionsStep] Getting parameters of service binding "406562f7-d2d6-4d44-9b7a-879e239a399e"...#
#2026 09 28 17:57:34.174#Z#WARN#0e88cb00-bb66-11f1-bf82-eeee0a9c991c.OPERATION#flowable-async-job-executor-thread-641#
[DetermineApplicationServiceBindingActionsStep] Cannot retrieve parameters of binding between application "warehouse-management" and service instance "warehouse-management-auth"#
#2026 09 28 17:57:34.175#Z#DEBUG#0e88cb00-bb66-11f1-bf82-eeee0a9c991c.OPERATION#flowable-async-job-executor-thread-641#
[DetermineApplicationServiceBindingActionsStep] Calculated binding operations between application "warehouse-management" and service instance "warehouse-management-auth": unbind - true bind - true#
#2026 09 28 17:57:34.175#Z#DEBUG#0e88cb00-bb66-11f1-bf82-eeee0a9c991c.OPERATION#flowable-async-job-executor-thread-641#
Step "Determine Application Service Binding Actions" finished#
#2026 09 28 17:57:34.214#Z#DEBUG#0e88cb00-bb66-11f1-bf82-eeee0a9c991c.OPERATION#flowable-async-job-executor-thread-641#
[UnbindServiceFromApplicationStep] Executing task "unbindServiceFromApplicationTask" of process "14f00abf-bb66-11f1-958c-eeee0a90448b"...#
#2026 09 28 17:57:34.216#Z#INFO#0e88cb00-bb66-11f1-bf82-eeee0a9c991c.OPERATION#flowable-async-job-executor-thread-641#
[UnbindServiceFromApplicationStep] Unbinding service instance "warehouse-management-auth" from application "warehouse-management"...#
#2026 09 28 17:57:34.227#Z#DEBUG#0e88cb00-bb66-11f1-bf82-eeee0a9c991c.OPERATION#flowable-async-job-executor-thread-641#
[UnbindServiceFromApplicationStep] Unbinding application "warehouse-management" from service instance "warehouse-management-auth"...#
#2026 09 28 17:57:34.398#Z#DEBUG#0e88cb00-bb66-11f1-bf82-eeee0a9c991c.OPERATION#flowable-async-job-executor-thread-641#
Step "Unbind Service from Application" finished#
#2026 09 28 17:57:34.700#Z#DEBUG#0e88cb00-bb66-11f1-bf82-eeee0a9c991c.OPERATION#flowable-async-job-executor-thread-561#
[ProcessDescriptorStep] Executing task "reprocessDescriptorTask" of process "157122cc-bb66-11f1-bf82-eeee0a9c991c"...#
#2026 09 28 17:57:34.701#Z#DEBUG#0e88cb00-bb66-11f1-bf82-eeee0a9c991c.OPERATION#flowable-async-job-executor-thread-561#
[ProcessDescriptorStep] Resolving properties and parameters in merged descriptor...#
#2026 09 28 17:57:34.708#Z#DEBUG#0e88cb00-bb66-11f1-bf82-eeee0a9c991c.OPERATION#flowable-async-job-executor-thread-561#
[ProcessDescriptorStep] Subscriptions: [ ]#
#2026 09 28 17:57:34.714#Z#DEBUG#0e88cb00-bb66-11f1-bf82-eeee0a9c991c.OPERATION#flowable-async-job-executor-thread-561#
[ProcessDescriptorStep] MTA modules: [warehouse-management-srv, warehouse-management-app-deployer, warehouse-management-db-deployer, warehouse-management]#
#2026 09 28 17:57:34.718#Z#DEBUG#0e88cb00-bb66-11f1-bf82-eeee0a9c991c.OPERATION#flowable-async-job-executor-thread-561#
[ProcessDescriptorStep] Resolved deployment descriptor: {
  "majorSchemaVersion" : 3,
  "schemaVersion" : "3.3.0",
  "id" : "warehouse-management",
  "version" : "1.0.0",
  "modules" : [ {
    "majorSchemaVersion" : 3,
    "name" : "warehouse-management-srv",
    "type" : "javascript.nodejs",
    "path" : "warehouse-management-srv",
    "properties" : { },
    "parameters" : {
      "default-url" : "https://62e2a895trial-dev-warehouse-management-srv.cfapps.ap21.hana.ondemand.com",
      "default-app-name" : "warehouse-management-srv",
      "generated-password" : "********",
      "default-live-url" : "https://62e2a895trial-dev-warehouse-management-srv.cfapps.ap21.hana.ondemand.com",
      "default-uri" : "62e2a895trial-dev-warehouse-management-srv.cfapps.ap21.hana.ondemand.com",
      "default-instances" : 1,
      "default-live-host" : "62e2a895trial-dev-warehouse-management-srv",
      "instances" : 1,
      "buildpack" : "nodejs_buildpack",
      "default-host" : "62e2a895trial-dev-warehouse-management-srv",
      "app-name" : "warehouse-management-srv",
      "default-live-uri" : "62e2a895trial-dev-warehouse-management-srv.cfapps.ap21.hana.ondemand.com",
      "protocol" : "https",
      "default-live-app-name" : "warehouse-management-srv",
      "default-live-domain" : "cfapps.ap21.hana.ondemand.com",
      "domain" : "cfapps.ap21.hana.ondemand.com",
      "host" : "62e2a895trial-dev-warehouse-management-srv",
      "generated-user" : "********"
    },
    "requiredDependencies" : [ {
      "majorSchemaVersion" : 3,
      "name" : "********",
      "properties" : { },
      "parameters" : { },
      "propertiesMetadata" : {
        "metadata" : { }
      },
      "parametersMetadata" : {
        "metadata" : { }
      }
    }, {
      "majorSchemaVersion" : 3,
      "name" : "warehouse-management-db",
      "properties" : { },
      "parameters" : { },
      "propertiesMetadata" : {
        "metadata" : { }
      },
      "parametersMetadata" : {
        "metadata" : { }
      }
    } ],
    "providedDependencies" : [ {
      "majorSchemaVersion" : 3,
      "name" : "srv-api",
      "isPublic" : false,
      "properties" : {
        "srv-url" : "https://62e2a895trial-dev-warehouse-management-srv.cfapps.ap21.hana.ondemand.com"
      },
      "parameters" : { },
      "propertiesMetadata" : {
        "metadata" : { }
      },
      "parametersMetadata" : {
        "metadata" : { }
      }
    }, {
      "majorSchemaVersion" : 3,
      "name" : "warehouse-management-srv",
      "isPublic" : false,
      "properties" : { },
      "parameters" : { },
      "propertiesMetadata" : {
        "metadata" : { }
      },
      "parametersMetadata" : {
        "metadata" : { }
      }
    } ],
    "propertiesMetadata" : {
      "metadata" : { }
    },
    "parametersMetadata" : {
      "metadata" : { }
    },
    "hooks" : [ ]
  }, {
    "majorSchemaVersion" : 3,
    "name" : "warehouse-management-db-deployer",
    "type" : "com.sap.xs.hdi",
    "path" : "warehouse-management-db-deployer",
    "properties" : {
      "EXIT" : 1
    },
    "parameters" : {
      "default-url" : "https://62e2a895trial-dev-warehouse-management-db-deployer.cfapps.ap21.hana.ondemand.com",
      "default-app-name" : "warehouse-management-db-deployer",
      "generated-password" : "********",
      "default-live-url" : "https://62e2a895trial-dev-warehouse-management-db-deployer.cfapps.ap21.hana.ondemand.com",
      "default-uri" : "62e2a895trial-dev-warehouse-management-db-deployer.cfapps.ap21.hana.ondemand.com",
      "memory" : "256M",
      "default-instances" : 1,
      "no-route" : true,
      "default-live-host" : "62e2a895trial-dev-warehouse-management-db-deployer",
      "instances" : 1,
      "buildpack" : "nodejs_buildpack",
      "default-host" : "62e2a895trial-dev-warehouse-management-db-deployer",
      "app-name" : "warehouse-management-db-deployer",
      "default-live-uri" : "62e2a895trial-dev-warehouse-management-db-deployer.cfapps.ap21.hana.ondemand.com",
      "protocol" : "https",
      "default-live-app-name" : "warehouse-management-db-deployer",
      "default-live-domain" : "cfapps.ap21.hana.ondemand.com",
      "dependency-type" : "hard",
      "domain" : "cfapps.ap21.hana.ondemand.com",
      "host" : "62e2a895trial-dev-warehouse-management-db-deployer",
      "generated-user" : "********",
      "tasks" : [ {
        "command" : "npm start",
        "memory" : "256M",
        "name" : "deploy"
      } ],
      "no-start" : true
    },
    "requiredDependencies" : [ {
      "majorSchemaVersion" : 3,
      "name" : "warehouse-management-db",
      "properties" : { },
      "parameters" : { },
      "propertiesMetadata" : {
        "metadata" : { }
      },
      "parametersMetadata" : {
        "metadata" : { }
      }
    } ],
    "providedDependencies" : [ {
      "majorSchemaVersion" : 3,
      "name" : "warehouse-management-db-deployer",
      "isPublic" : false,
      "properties" : { },
      "parameters" : { },
      "propertiesMetadata" : {
        "metadata" : { }
      },
      "parametersMetadata" : {
        "metadata" : { }
      }
    } ],
    "propertiesMetadata" : {
      "metadata" : { }
    },
    "parametersMetadata" : {
      "metadata" : { }
    },
    "hooks" : [ ]
  }, {
    "majorSchemaVersion" : 3,
    "name" : "warehouse-management",
    "type" : "javascript.nodejs",
    "path" : "warehouse-management",
    "properties" : { },
    "parameters" : {
      "default-url" : "https://62e2a895trial-dev-warehouse-management.cfapps.ap21.hana.ondemand.com",
      "default-app-name" : "warehouse-management",
      "generated-password" : "********",
      "default-live-url" : "https://62e2a895trial-dev-warehouse-management.cfapps.ap21.hana.ondemand.com",
      "default-uri" : "62e2a895trial-dev-warehouse-management.cfapps.ap21.hana.ondemand.com",
      "memory" : "256M",
      "default-instances" : 1,
      "default-live-host" : "62e2a895trial-dev-warehouse-management",
      "instances" : 1,
      "default-host" : "62e2a895trial-dev-warehouse-management",
      "keep-existing-routes" : true,
      "app-name" : "warehouse-management",
      "default-live-uri" : "62e2a895trial-dev-warehouse-management.cfapps.ap21.hana.ondemand.com",
      "protocol" : "https",
      "default-live-app-name" : "warehouse-management",
      "default-live-domain" : "cfapps.ap21.hana.ondemand.com",
      "disk-quota" : "256M",
      "domain" : "cfapps.ap21.hana.ondemand.com",
      "host" : "62e2a895trial-dev-warehouse-management",
      "generated-user" : "********"
    },
    "requiredDependencies" : [ {
      "majorSchemaVersion" : 3,
      "name" : "srv-api",
      "group" : "destinations",
      "properties" : {
        "name" : "srv-api",
        "forwardAuthToken" : "********",
        "url" : "https://62e2a895trial-dev-warehouse-management-srv.cfapps.ap21.hana.ondemand.com"
      },
      "parameters" : { },
      "propertiesMetadata" : {
        "metadata" : { }
      },
      "parametersMetadata" : {
        "metadata" : { }
      }
    }, {
      "majorSchemaVersion" : 3,
      "name" : "********",
      "properties" : { },
      "parameters" : { },
      "propertiesMetadata" : {
        "metadata" : { }
      },
      "parametersMetadata" : {
        "metadata" : { }
      }
    }, {
      "majorSchemaVersion" : 3,
      "name" : "warehouse-management-html5-runtime",
      "properties" : { },
      "parameters" : { },
      "propertiesMetadata" : {
        "metadata" : { }
      },
      "parametersMetadata" : {
        "metadata" : { }
      }
    } ],
    "providedDependencies" : [ {
      "majorSchemaVersion" : 3,
      "name" : "app-api",
      "isPublic" : false,
      "properties" : {
        "app-protocol" : "https",
        "app-uri" : "62e2a895trial-dev-warehouse-management.cfapps.ap21.hana.ondemand.com"
      },
      "parameters" : { },
      "propertiesMetadata" : {
        "metadata" : { }
      },
      "parametersMetadata" : {
        "metadata" : { }
      }
    }, {
      "majorSchemaVersion" : 3,
      "name" : "warehouse-management",
      "isPublic" : false,
      "properties" : { },
      "parameters" : { },
      "propertiesMetadata" : {
        "metadata" : { }
      },
      "parametersMetadata" : {
        "metadata" : { }
      }
    } ],
    "propertiesMetadata" : {
      "metadata" : { }
    },
    "parametersMetadata" : {
      "metadata" : { }
    },
    "hooks" : [ ]
  }, {
    "majorSchemaVersion" : 3,
    "name" : "warehouse-management-app-deployer",
    "type" : "com.sap.application.content",
    "path" : "warehouse-management-app-deployer",
    "properties" : { },
    "parameters" : {
      "default-url" : "https://62e2a895trial-dev-warehouse-management-app-deployer.cfapps.ap21.hana.ondemand.com",
      "default-app-name" : "warehouse-management-app-deployer",
      "generated-password" : "********",
      "default-live-url" : "https://62e2a895trial-dev-warehouse-management-app-deployer.cfapps.ap21.hana.ondemand.com",
      "default-uri" : "62e2a895trial-dev-warehouse-management-app-deployer.cfapps.ap21.hana.ondemand.com",
      "default-instances" : 1,
      "default-live-host" : "62e2a895trial-dev-warehouse-management-app-deployer",
      "instances" : 1,
      "default-host" : "62e2a895trial-dev-warehouse-management-app-deployer",
      "app-name" : "warehouse-management-app-deployer",
      "default-live-uri" : "62e2a895trial-dev-warehouse-management-app-deployer.cfapps.ap21.hana.ondemand.com",
      "protocol" : "https",
      "default-live-app-name" : "warehouse-management-app-deployer",
      "default-live-domain" : "cfapps.ap21.hana.ondemand.com",
      "domain" : "cfapps.ap21.hana.ondemand.com",
      "host" : "62e2a895trial-dev-warehouse-management-app-deployer",
      "generated-user" : "********"
    },
    "requiredDependencies" : [ {
      "majorSchemaVersion" : 3,
      "name" : "********",
      "properties" : { },
      "parameters" : { },
      "propertiesMetadata" : {
        "metadata" : { }
      },
      "parametersMetadata" : {
        "metadata" : { }
      }
    }, {
      "majorSchemaVersion" : 3,
      "name" : "srv-api",
      "properties" : { },
      "parameters" : { },
      "propertiesMetadata" : {
        "metadata" : { }
      },
      "parametersMetadata" : {
        "metadata" : { }
      }
    }, {
      "majorSchemaVersion" : 3,
      "name" : "warehouse-management-html5-repo-host",
      "properties" : { },
      "parameters" : {
        "config" : {
          "HTML5Runtime_enabled" : true
        },
        "content-target" : true
      },
      "propertiesMetadata" : {
        "metadata" : { }
      },
      "parametersMetadata" : {
        "metadata" : { }
      }
    } ],
    "providedDependencies" : [ {
      "majorSchemaVersion" : 3,
      "name" : "warehouse-management-app-deployer",
      "isPublic" : false,
      "properties" : { },
      "parameters" : { },
      "propertiesMetadata" : {
        "metadata" : { }
      },
      "parametersMetadata" : {
        "metadata" : { }
      }
    } ],
    "propertiesMetadata" : {
      "metadata" : { }
    },
    "parametersMetadata" : {
      "metadata" : { }
    },
    "hooks" : [ ]
  } ],
  "resources" : [ {
    "majorSchemaVersion" : 3,
    "name" : "********",
    "type" : "org.cloudfoundry.managed-service",
    "properties" : { },
    "parameters" : {
      "generated-password" : "********",
      "path" : "./xs-security.json",
      "service-name" : "********",
      "service-plan" : "application",
      "service" : "xsuaa",
      "generated-user" : "********",
      "default-xsappname" : "********",
      "type" : "managed-service",
      "config" : {
        "oauth2-configuration" : "********",
        "role-collections" : [ {
          "description" : "generated",
          "name" : "WarehouseEmployee (warehouse-management 62e2a895trial-dev)",
          "role-template-references" : [ "$XSAPPNAME.WarehouseEmployee" ]
        }, {
          "description" : "generated",
          "name" : "WarehouseAdmin (warehouse-management 62e2a895trial-dev)",
          "role-template-references" : [ "$XSAPPNAME.WarehouseAdmin" ]
        } ],
        "tenant-mode" : "dedicated",
        "xsappname" : "warehouse-management-62e2a895trial-dev"
      },
      "default-service-name" : "********",
      "default-container-name" : "********"
    },
    "isActive" : true,
    "isOptional" : false,
    "propertiesMetadata" : {
      "metadata" : { }
    },
    "parametersMetadata" : {
      "metadata" : { }
    },
    "requiredDependencies" : [ {
      "majorSchemaVersion" : 3,
      "name" : "app-api",
      "properties" : { },
      "parameters" : { },
      "propertiesMetadata" : {
        "metadata" : { }
      },
      "parametersMetadata" : {
        "metadata" : { }
      }
    } ],
    "processedAfter" : [ ]
  }, {
    "majorSchemaVersion" : 3,
    "name" : "warehouse-management-db",
    "type" : "com.sap.xs.hdi-container",
    "properties" : { },
    "parameters" : {
      "generated-password" : "********",
      "service-name" : "warehouse-management-db",
      "service-plan" : "hdi-shared",
      "service" : "hana",
      "generated-user" : "********",
      "default-xsappname" : "warehouse-management-db",
      "type" : "managed-service",
      "default-service-name" : "warehouse-management-db",
      "default-container-name" : "62E2A895TRIAL_DEV_WAREHOUSE_MANAGEMENT_DB"
    },
    "isActive" : true,
    "isOptional" : false,
    "propertiesMetadata" : {
      "metadata" : { }
    },
    "parametersMetadata" : {
      "metadata" : { }
    },
    "requiredDependencies" : [ ],
    "processedAfter" : [ ]
  }, {
    "majorSchemaVersion" : 3,
    "name" : "warehouse-management-html5-repo-host",
    "type" : "org.cloudfoundry.managed-service",
    "properties" : { },
    "parameters" : {
      "generated-password" : "********",
      "service-name" : "warehouse-management-html5-repo-host",
      "service-plan" : "app-host",
      "service" : "html5-apps-repo",
      "generated-user" : "********",
      "default-xsappname" : "warehouse-management-html5-repo-host",
      "type" : "managed-service",
      "default-service-name" : "warehouse-management-html5-repo-host",
      "default-container-name" : "62E2A895TRIAL_DEV_WAREHOUSE_MANAGEMENT_HTML5_REPO_HOST"
    },
    "isActive" : true,
    "isOptional" : false,
    "propertiesMetadata" : {
      "metadata" : { }
    },
    "parametersMetadata" : {
      "metadata" : { }
    },
    "requiredDependencies" : [ ],
    "processedAfter" : [ ]
  }, {
    "majorSchemaVersion" : 3,
    "name" : "warehouse-management-html5-runtime",
    "type" : "org.cloudfoundry.managed-service",
    "properties" : { },
    "parameters" : {
      "generated-password" : "********",
      "service-name" : "warehouse-management-html5-runtime",
      "service-plan" : "app-runtime",
      "service" : "html5-apps-repo",
      "generated-user" : "********",
      "default-xsappname" : "warehouse-management-html5-runtime",
      "type" : "managed-service",
      "default-service-name" : "warehouse-management-html5-runtime",
      "default-container-name" : "62E2A895TRIAL_DEV_WAREHOUSE_MANAGEMENT_HTML5_RUNTIME"
    },
    "isActive" : true,
    "isOptional" : false,
    "propertiesMetadata" : {
      "metadata" : { }
    },
    "parametersMetadata" : {
      "metadata" : { }
    },
    "requiredDependencies" : [ ],
    "processedAfter" : [ ]
  } ],
  "parameters" : {
    "deploy_mode" : "html5-repo",
    "mta-id" : "warehouse-management",
    "authorization-url" : "********",
    "org-guid" : "315089a0-fdef-4d20-958f-61c9996fee50",
    "org" : "62e2a895trial",
    "deploy-target" : "62e2a895trial dev",
    "enable-parallel-deployments" : true,
    "region-primary-domain" : "ap21.hana.ondemand.com",
    "space" : "dev",
    "region-domain" : "ap21.hana.ondemand.com",
    "xs-api-url" : "https://api.cf.ap21.hana.ondemand.com",
    "deploy-url" : "deploy-service.cfapps.ap21.hana.ondemand.com",
    "xs-type" : "CF",
    "default-domain" : "cfapps.ap21.hana.ondemand.com",
    "mta-version" : "1.0.0",
    "xs-auth-url" : "********",
    "space-guid" : "a0aa86ab-27d5-49c9-872a-5b495a8a9781",
    "user" : "********",
    "controller-url" : "https://api.cf.ap21.hana.ondemand.com",
    "timestamp" : "20260928175723"
  },
  "parametersMetadata" : {
    "metadata" : { }
  }
}#
#2026 09 28 17:57:34.718#Z#DEBUG#0e88cb00-bb66-11f1-bf82-eeee0a9c991c.OPERATION#flowable-async-job-executor-thread-561#
[ProcessDescriptorStep] Merged descriptor properties and parameters resolved#
#2026 09 28 17:57:34.718#Z#DEBUG#0e88cb00-bb66-11f1-bf82-eeee0a9c991c.OPERATION#flowable-async-job-executor-thread-561#
Step "Re-Process Descriptor Step" finished#
#2026 09 28 17:57:34.663#Z#DEBUG#0e88cb00-bb66-11f1-bf82-eeee0a9c991c.OPERATION#flowable-async-job-executor-thread-560#
[CheckServiceBindingOperationStep] Executing task "checkForServiceBindingOperationInProgress" of process "157037cc-bb66-11f1-bf82-eeee0a9c991c"...#
#2026 09 28 17:57:34.663#Z#DEBUG#0e88cb00-bb66-11f1-bf82-eeee0a9c991c.OPERATION#flowable-async-job-executor-thread-560#
[CheckServiceBindingOperationStep] Checking for service binding operation in progress between app "warehouse-management" and service instance "warehouse-management-html5-runtime"#
#2026 09 28 17:57:34.664#Z#DEBUG#0e88cb00-bb66-11f1-bf82-eeee0a9c991c.OPERATION#flowable-async-job-executor-thread-560#
[CheckServiceBindingOperationStep] Getting application guid "warehouse-management"...#
#2026 09 28 17:57:34.699#Z#DEBUG#0e88cb00-bb66-11f1-bf82-eeee0a9c991c.OPERATION#flowable-async-job-executor-thread-560#
[CheckServiceBindingOperationStep] Getting GUID of required service instance "warehouse-management-html5-runtime"...#
#2026 09 28 17:57:34.728#Z#DEBUG#0e88cb00-bb66-11f1-bf82-eeee0a9c991c.OPERATION#flowable-async-job-executor-thread-560#
[CheckServiceBindingOperationStep] Getting binding of service instance "27bbb228-623d-43b9-a816-3a91355f541c" with application "771302de-d443-481b-8eae-700cc4bb0b2f"...#
#2026 09 28 17:57:34.765#Z#DEBUG#0e88cb00-bb66-11f1-bf82-eeee0a9c991c.OPERATION#flowable-async-job-executor-thread-560#
[CheckServiceBindingOperationStep] Service binding operation "f50c235c-6d1e-4197-9dae-426aae1a84cc" with type "create" is in state "succeeded"#
#2026 09 28 17:57:34.765#Z#DEBUG#0e88cb00-bb66-11f1-bf82-eeee0a9c991c.OPERATION#flowable-async-job-executor-thread-560#
Step "Check For Service Binding Operation In Progress" finished#
#2026 09 28 17:57:34.758#Z#DEBUG#0e88cb00-bb66-11f1-bf82-eeee0a9c991c.OPERATION#flowable-async-job-executor-thread-555#
[BuildApplicationDeployModelStep] Executing task "buildApplicationDeployModelTask" of process "157122cc-bb66-11f1-bf82-eeee0a9c991c"...#
#2026 09 28 17:57:34.760#Z#DEBUG#0e88cb00-bb66-11f1-bf82-eeee0a9c991c.OPERATION#flowable-async-job-executor-thread-555#
[BuildApplicationDeployModelStep] Building cloud deployment model for application "warehouse-management-srv"...#
#2026 09 28 17:57:34.767#Z#DEBUG#0e88cb00-bb66-11f1-bf82-eeee0a9c991c.OPERATION#flowable-async-job-executor-thread-555#
[BuildApplicationDeployModelStep] No health-check-type is specified. Setting default type: port#
#2026 09 28 17:57:34.768#Z#INFO#0e88cb00-bb66-11f1-bf82-eeee0a9c991c.OPERATION#flowable-async-job-executor-thread-555#
[BuildApplicationDeployModelStep] Building configuration entries for org 62e2a895trial, space dev, spaceId a0aa86ab-27d5-49c9-872a-5b495a8a9781 and namespace null!#
#2026 09 28 17:57:34.770#Z#DEBUG#0e88cb00-bb66-11f1-bf82-eeee0a9c991c.OPERATION#flowable-async-job-executor-thread-555#
[BuildApplicationDeployModelStep] Configuration entries to publish: [ ]#
#2026 09 28 17:57:34.770#Z#DEBUG#0e88cb00-bb66-11f1-bf82-eeee0a9c991c.OPERATION#flowable-async-job-executor-thread-555#
[BuildApplicationDeployModelStep] Cloud deployment model for application built#
#2026 09 28 17:57:34.770#Z#DEBUG#0e88cb00-bb66-11f1-bf82-eeee0a9c991c.OPERATION#flowable-async-job-executor-thread-555#
Step "Build Application Deploy Model" finished#
#2026 09 28 17:57:34.809#Z#DEBUG#0e88cb00-bb66-11f1-bf82-eeee0a9c991c.OPERATION#flowable-async-job-executor-thread-560#
[DetermineApplicationServiceBindingActionsStep] Executing task "determineApplicationServiceBindingActionsTask" of process "157037cc-bb66-11f1-bf82-eeee0a9c991c"...#
#2026 09 28 17:57:34.811#Z#DEBUG#0e88cb00-bb66-11f1-bf82-eeee0a9c991c.OPERATION#flowable-async-job-executor-thread-560#
[DetermineApplicationServiceBindingActionsStep] Determine bind/unbind operations of application "warehouse-management" to service instance "warehouse-management-html5-runtime"#
#2026 09 28 17:57:34.811#Z#DEBUG#0e88cb00-bb66-11f1-bf82-eeee0a9c991c.OPERATION#flowable-async-job-executor-thread-560#
[DetermineApplicationServiceBindingActionsStep] Getting application "warehouse-management"...#
#2026 09 28 17:57:34.846#Z#DEBUG#0e88cb00-bb66-11f1-bf82-eeee0a9c991c.OPERATION#flowable-async-job-executor-thread-560#
[DetermineApplicationServiceBindingActionsStep] Binding parameters for application "warehouse-management": { }#
#2026 09 28 17:57:34.875#Z#DEBUG#0e88cb00-bb66-11f1-bf82-eeee0a9c991c.OPERATION#flowable-async-job-executor-thread-560#
[DetermineApplicationServiceBindingActionsStep] Check should rebind application "warehouse-management" and service instance "warehouse-management-html5-runtime"#
#2026 09 28 17:57:34.875#Z#DEBUG#0e88cb00-bb66-11f1-bf82-eeee0a9c991c.OPERATION#flowable-async-job-executor-thread-560#
[DetermineApplicationServiceBindingActionsStep] Getting GUID of required service instance "warehouse-management-html5-runtime"...#
#2026 09 28 17:57:34.904#Z#DEBUG#0e88cb00-bb66-11f1-bf82-eeee0a9c991c.OPERATION#flowable-async-job-executor-thread-560#
[DetermineApplicationServiceBindingActionsStep] Getting binding of service instance "27bbb228-623d-43b9-a816-3a91355f541c" with application "771302de-d443-481b-8eae-700cc4bb0b2f"...#
#2026 09 28 17:57:34.940#Z#DEBUG#0e88cb00-bb66-11f1-bf82-eeee0a9c991c.OPERATION#flowable-async-job-executor-thread-560#
[DetermineApplicationServiceBindingActionsStep] Getting parameters of service binding "f50c235c-6d1e-4197-9dae-426aae1a84cc"...#
#2026 09 28 17:57:34.970#Z#WARN#0e88cb00-bb66-11f1-bf82-eeee0a9c991c.OPERATION#flowable-async-job-executor-thread-560#
[DetermineApplicationServiceBindingActionsStep] Cannot retrieve parameters of binding between application "warehouse-management" and service instance "warehouse-management-html5-runtime"#
#2026 09 28 17:57:34.972#Z#DEBUG#0e88cb00-bb66-11f1-bf82-eeee0a9c991c.OPERATION#flowable-async-job-executor-thread-560#
[DetermineApplicationServiceBindingActionsStep] Calculated binding operations between application "warehouse-management" and service instance "warehouse-management-html5-runtime": unbind - true bind - true#
#2026 09 28 17:57:34.972#Z#DEBUG#0e88cb00-bb66-11f1-bf82-eeee0a9c991c.OPERATION#flowable-async-job-executor-thread-560#
Step "Determine Application Service Binding Actions" finished#
#2026 09 28 17:57:35.018#Z#DEBUG#0e88cb00-bb66-11f1-bf82-eeee0a9c991c.OPERATION#flowable-async-job-executor-thread-560#
[UnbindServiceFromApplicationStep] Executing task "unbindServiceFromApplicationTask" of process "157037cc-bb66-11f1-bf82-eeee0a9c991c"...#
#2026 09 28 17:57:35.021#Z#INFO#0e88cb00-bb66-11f1-bf82-eeee0a9c991c.OPERATION#flowable-async-job-executor-thread-560#
[UnbindServiceFromApplicationStep] Unbinding service instance "warehouse-management-html5-runtime" from application "warehouse-management"...#
#2026 09 28 17:57:35.029#Z#DEBUG#0e88cb00-bb66-11f1-bf82-eeee0a9c991c.OPERATION#flowable-async-job-executor-thread-560#
[UnbindServiceFromApplicationStep] Unbinding application "warehouse-management" from service instance "warehouse-management-html5-runtime"...#
#2026 09 28 17:57:35.199#Z#DEBUG#0e88cb00-bb66-11f1-bf82-eeee0a9c991c.OPERATION#flowable-async-job-executor-thread-560#
Step "Unbind Service from Application" finished#
#2026 09 28 17:57:34.824#Z#DEBUG#0e88cb00-bb66-11f1-bf82-eeee0a9c991c.OPERATION#flowable-async-job-executor-thread-555#
[CreateOrUpdateAppStep] Executing task "createAppTask" of process "157122cc-bb66-11f1-bf82-eeee0a9c991c"...#
#2026 09 28 17:57:34.827#Z#DEBUG#0e88cb00-bb66-11f1-bf82-eeee0a9c991c.OPERATION#flowable-async-job-executor-thread-555#
[CreateOrUpdateAppStep] Getting application "warehouse-management-srv"...#
#2026 09 28 17:57:34.855#Z#INFO#0e88cb00-bb66-11f1-bf82-eeee0a9c991c.OPERATION#flowable-async-job-executor-thread-555#
[CreateOrUpdateAppStep] Updating application "warehouse-management-srv"...#
#2026 09 28 17:57:34.865#Z#DEBUG#0e88cb00-bb66-11f1-bf82-eeee0a9c991c.OPERATION#flowable-async-job-executor-thread-555#
[CreateOrUpdateAppStep] Getting process for application "8d1e230b-182e-4ade-a836-9df3110ca784"...#
#2026 09 28 17:57:34.904#Z#DEBUG#0e88cb00-bb66-11f1-bf82-eeee0a9c991c.OPERATION#flowable-async-job-executor-thread-555#
[CreateOrUpdateAppStep] Getting routes for application "8d1e230b-182e-4ade-a836-9df3110ca784"...#
#2026 09 28 17:57:34.939#Z#DEBUG#0e88cb00-bb66-11f1-bf82-eeee0a9c991c.OPERATION#flowable-async-job-executor-thread-555#
[CreateOrUpdateAppStep] Getting features for application "8d1e230b-182e-4ade-a836-9df3110ca784"#
#2026 09 28 17:57:34.971#Z#DEBUG#0e88cb00-bb66-11f1-bf82-eeee0a9c991c.OPERATION#flowable-async-job-executor-thread-555#
[CreateOrUpdateAppStep] Updating staging of application "warehouse-management-srv" to: {
  "buildpacks" : [ "nodejs_buildpack" ],
  "healthCheckType" : "port",
  "appFeatures" : { }
}#
#2026 09 28 17:57:35.214#Z#DEBUG#0e88cb00-bb66-11f1-bf82-eeee0a9c991c.OPERATION#flowable-async-job-executor-thread-555#
[CreateOrUpdateAppStep] Application "warehouse-management-srv" updated#
#2026 09 28 17:57:35.214#Z#DEBUG#0e88cb00-bb66-11f1-bf82-eeee0a9c991c.OPERATION#flowable-async-job-executor-thread-555#
[CreateOrUpdateAppStep] Getting environment of application "8d1e230b-182e-4ade-a836-9df3110ca784"...#
#2026 09 28 17:57:35.292#Z#DEBUG#0e88cb00-bb66-11f1-bf82-eeee0a9c991c.OPERATION#flowable-async-job-executor-thread-555#
[CreateOrUpdateAppStep] Application "warehouse-management-srv" updated#
#2026 09 28 17:57:35.292#Z#DEBUG#0e88cb00-bb66-11f1-bf82-eeee0a9c991c.OPERATION#flowable-async-job-executor-thread-555#
Step "Create App" finished#
#2026 09 28 17:57:35.447#Z#DEBUG#0e88cb00-bb66-11f1-bf82-eeee0a9c991c.OPERATION#flowable-async-job-executor-thread-557#
[CheckServiceBindingOperationStep] Executing task "checkForServiceBindingOperationInProgress" of process "15e9ada2-bb66-11f1-bf82-eeee0a9c991c"...#
#2026 09 28 17:57:35.447#Z#DEBUG#0e88cb00-bb66-11f1-bf82-eeee0a9c991c.OPERATION#flowable-async-job-executor-thread-557#
[CheckServiceBindingOperationStep] Checking for service binding operation in progress between app "warehouse-management-srv" and service instance "warehouse-management-auth"#
#2026 09 28 17:57:35.448#Z#DEBUG#0e88cb00-bb66-11f1-bf82-eeee0a9c991c.OPERATION#flowable-async-job-executor-thread-557#
[CheckServiceBindingOperationStep] Getting application guid "warehouse-management-srv"...#
#2026 09 28 17:57:35.480#Z#DEBUG#0e88cb00-bb66-11f1-bf82-eeee0a9c991c.OPERATION#flowable-async-job-executor-thread-557#
[CheckServiceBindingOperationStep] Getting GUID of required service instance "warehouse-management-auth"...#
#2026 09 28 17:57:35.511#Z#DEBUG#0e88cb00-bb66-11f1-bf82-eeee0a9c991c.OPERATION#flowable-async-job-executor-thread-557#
[CheckServiceBindingOperationStep] Getting binding of service instance "7e14d333-6b78-451b-8707-51be6945cffe" with application "8d1e230b-182e-4ade-a836-9df3110ca784"...#
#2026 09 28 17:57:35.542#Z#DEBUG#0e88cb00-bb66-11f1-bf82-eeee0a9c991c.OPERATION#flowable-async-job-executor-thread-557#
[CheckServiceBindingOperationStep] Service binding operation "55079a7c-9166-4e01-a8e4-3fb8c5834a24" with type "create" is in state "succeeded"#
#2026 09 28 17:57:35.542#Z#DEBUG#0e88cb00-bb66-11f1-bf82-eeee0a9c991c.OPERATION#flowable-async-job-executor-thread-557#
Step "Check For Service Binding Operation In Progress" finished#
#2026 09 28 17:57:35.572#Z#DEBUG#0e88cb00-bb66-11f1-bf82-eeee0a9c991c.OPERATION#flowable-async-job-executor-thread-194#
[CheckServiceBindingOperationStep] Executing task "checkForServiceBindingOperationInProgress" of process "15fb12e1-bb66-11f1-84b9-eeee0a9de0c0"...#
#2026 09 28 17:57:35.578#Z#DEBUG#0e88cb00-bb66-11f1-bf82-eeee0a9c991c.OPERATION#flowable-async-job-executor-thread-194#
[CheckServiceBindingOperationStep] Checking for service binding operation in progress between app "warehouse-management-srv" and service instance "warehouse-management-db"#
#2026 09 28 17:57:35.579#Z#DEBUG#0e88cb00-bb66-11f1-bf82-eeee0a9c991c.OPERATION#flowable-async-job-executor-thread-194#
[CheckServiceBindingOperationStep] Getting application guid "warehouse-management-srv"...#
#2026 09 28 17:57:35.620#Z#DEBUG#0e88cb00-bb66-11f1-bf82-eeee0a9c991c.OPERATION#flowable-async-job-executor-thread-194#
[CheckServiceBindingOperationStep] Getting GUID of required service instance "warehouse-management-db"...#
#2026 09 28 17:57:35.662#Z#DEBUG#0e88cb00-bb66-11f1-bf82-eeee0a9c991c.OPERATION#flowable-async-job-executor-thread-194#
[CheckServiceBindingOperationStep] Getting binding of service instance "2f229352-2f4a-4fa9-b5fd-013c7f6606f1" with application "8d1e230b-182e-4ade-a836-9df3110ca784"...#
#2026 09 28 17:57:35.696#Z#DEBUG#0e88cb00-bb66-11f1-bf82-eeee0a9c991c.OPERATION#flowable-async-job-executor-thread-194#
[CheckServiceBindingOperationStep] Service binding operation "462d8eb5-d06b-4185-98c8-58e36100a1db" with type "create" is in state "failed"#
#2026 09 28 17:57:35.696#Z#WARN#0e88cb00-bb66-11f1-bf82-eeee0a9c991c.OPERATION#flowable-async-job-executor-thread-194#
[CheckServiceBindingOperationStep] Service binding "462d8eb5-d06b-4185-98c8-58e36100a1db" exists in broken state, will be recreated#
#2026 09 28 17:57:35.698#Z#DEBUG#0e88cb00-bb66-11f1-bf82-eeee0a9c991c.OPERATION#flowable-async-job-executor-thread-194#
Step "Check For Service Binding Operation In Progress" finished#
#2026 09 28 17:57:35.582#Z#DEBUG#0e88cb00-bb66-11f1-bf82-eeee0a9c991c.OPERATION#flowable-async-job-executor-thread-557#
[DetermineApplicationServiceBindingActionsStep] Executing task "determineApplicationServiceBindingActionsTask" of process "15e9ada2-bb66-11f1-bf82-eeee0a9c991c"...#
#2026 09 28 17:57:35.584#Z#DEBUG#0e88cb00-bb66-11f1-bf82-eeee0a9c991c.OPERATION#flowable-async-job-executor-thread-557#
[DetermineApplicationServiceBindingActionsStep] Determine bind/unbind operations of application "warehouse-management-srv" to service instance "warehouse-management-auth"#
#2026 09 28 17:57:35.584#Z#DEBUG#0e88cb00-bb66-11f1-bf82-eeee0a9c991c.OPERATION#flowable-async-job-executor-thread-557#
[DetermineApplicationServiceBindingActionsStep] Getting application "warehouse-management-srv"...#
#2026 09 28 17:57:35.622#Z#DEBUG#0e88cb00-bb66-11f1-bf82-eeee0a9c991c.OPERATION#flowable-async-job-executor-thread-557#
[DetermineApplicationServiceBindingActionsStep] Binding parameters for application "warehouse-management-srv": { }#
#2026 09 28 17:57:35.658#Z#DEBUG#0e88cb00-bb66-11f1-bf82-eeee0a9c991c.OPERATION#flowable-async-job-executor-thread-557#
[DetermineApplicationServiceBindingActionsStep] Check should rebind application "warehouse-management-srv" and service instance "warehouse-management-auth"#
#2026 09 28 17:57:35.658#Z#DEBUG#0e88cb00-bb66-11f1-bf82-eeee0a9c991c.OPERATION#flowable-async-job-executor-thread-557#
[DetermineApplicationServiceBindingActionsStep] Getting GUID of required service instance "warehouse-management-auth"...#
#2026 09 28 17:57:35.689#Z#DEBUG#0e88cb00-bb66-11f1-bf82-eeee0a9c991c.OPERATION#flowable-async-job-executor-thread-557#
[DetermineApplicationServiceBindingActionsStep] Getting binding of service instance "7e14d333-6b78-451b-8707-51be6945cffe" with application "8d1e230b-182e-4ade-a836-9df3110ca784"...#
#2026 09 28 17:57:35.716#Z#DEBUG#0e88cb00-bb66-11f1-bf82-eeee0a9c991c.OPERATION#flowable-async-job-executor-thread-557#
[DetermineApplicationServiceBindingActionsStep] Getting parameters of service binding "55079a7c-9166-4e01-a8e4-3fb8c5834a24"...#
#2026 09 28 17:57:35.746#Z#WARN#0e88cb00-bb66-11f1-bf82-eeee0a9c991c.OPERATION#flowable-async-job-executor-thread-557#
[DetermineApplicationServiceBindingActionsStep] Cannot retrieve parameters of binding between application "warehouse-management-srv" and service instance "warehouse-management-auth"#
#2026 09 28 17:57:35.747#Z#DEBUG#0e88cb00-bb66-11f1-bf82-eeee0a9c991c.OPERATION#flowable-async-job-executor-thread-557#
[DetermineApplicationServiceBindingActionsStep] Calculated binding operations between application "warehouse-management-srv" and service instance "warehouse-management-auth": unbind - true bind - true#
#2026 09 28 17:57:35.747#Z#DEBUG#0e88cb00-bb66-11f1-bf82-eeee0a9c991c.OPERATION#flowable-async-job-executor-thread-557#
Step "Determine Application Service Binding Actions" finished#
#2026 09 28 17:57:35.757#Z#DEBUG#0e88cb00-bb66-11f1-bf82-eeee0a9c991c.OPERATION#flowable-async-job-executor-thread-196#
[DetermineApplicationServiceBindingActionsStep] Executing task "determineApplicationServiceBindingActionsTask" of process "15fb12e1-bb66-11f1-84b9-eeee0a9de0c0"...#
#2026 09 28 17:57:35.765#Z#DEBUG#0e88cb00-bb66-11f1-bf82-eeee0a9c991c.OPERATION#flowable-async-job-executor-thread-196#
[DetermineApplicationServiceBindingActionsStep] Determine bind/unbind operations of application "warehouse-management-srv" to service instance "warehouse-management-db"#
#2026 09 28 17:57:35.765#Z#DEBUG#0e88cb00-bb66-11f1-bf82-eeee0a9c991c.OPERATION#flowable-async-job-executor-thread-196#
[DetermineApplicationServiceBindingActionsStep] Getting application "warehouse-management-srv"...#
#2026 09 28 17:57:35.811#Z#DEBUG#0e88cb00-bb66-11f1-bf82-eeee0a9c991c.OPERATION#flowable-async-job-executor-thread-196#
[DetermineApplicationServiceBindingActionsStep] Binding parameters for application "warehouse-management-srv": { }#
#2026 09 28 17:57:35.857#Z#DEBUG#0e88cb00-bb66-11f1-bf82-eeee0a9c991c.OPERATION#flowable-async-job-executor-thread-196#
[DetermineApplicationServiceBindingActionsStep] Check should rebind application "warehouse-management-srv" and service instance "warehouse-management-db"#
#2026 09 28 17:57:35.860#Z#DEBUG#0e88cb00-bb66-11f1-bf82-eeee0a9c991c.OPERATION#flowable-async-job-executor-thread-196#
[DetermineApplicationServiceBindingActionsStep] Calculated binding operations between application "warehouse-management-srv" and service instance "warehouse-management-db": unbind - true bind - true#
#2026 09 28 17:57:35.860#Z#DEBUG#0e88cb00-bb66-11f1-bf82-eeee0a9c991c.OPERATION#flowable-async-job-executor-thread-196#
Step "Determine Application Service Binding Actions" finished#
#2026 09 28 17:57:35.892#Z#DEBUG#0e88cb00-bb66-11f1-bf82-eeee0a9c991c.OPERATION#flowable-async-job-executor-thread-639#
[ProcessDescriptorStep] Executing task "reprocessDescriptorTask" of process "16294ece-bb66-11f1-958c-eeee0a90448b"...#
#2026 09 28 17:57:35.893#Z#DEBUG#0e88cb00-bb66-11f1-bf82-eeee0a9c991c.OPERATION#flowable-async-job-executor-thread-639#
[ProcessDescriptorStep] Resolving properties and parameters in merged descriptor...#
#2026 09 28 17:57:35.899#Z#DEBUG#0e88cb00-bb66-11f1-bf82-eeee0a9c991c.OPERATION#flowable-async-job-executor-thread-639#
[ProcessDescriptorStep] Subscriptions: [ ]#
#2026 09 28 17:57:35.904#Z#DEBUG#0e88cb00-bb66-11f1-bf82-eeee0a9c991c.OPERATION#flowable-async-job-executor-thread-639#
[ProcessDescriptorStep] MTA modules: [warehouse-management-srv, warehouse-management-app-deployer, warehouse-management-db-deployer, warehouse-management]#
#2026 09 28 17:57:35.907#Z#DEBUG#0e88cb00-bb66-11f1-bf82-eeee0a9c991c.OPERATION#flowable-async-job-executor-thread-639#
[ProcessDescriptorStep] Resolved deployment descriptor: {
  "majorSchemaVersion" : 3,
  "schemaVersion" : "3.3.0",
  "id" : "warehouse-management",
  "version" : "1.0.0",
  "modules" : [ {
    "majorSchemaVersion" : 3,
    "name" : "warehouse-management-srv",
    "type" : "javascript.nodejs",
    "path" : "warehouse-management-srv",
    "properties" : { },
    "parameters" : {
      "default-url" : "https://62e2a895trial-dev-warehouse-management-srv.cfapps.ap21.hana.ondemand.com",
      "default-app-name" : "warehouse-management-srv",
      "generated-password" : "********",
      "default-live-url" : "https://62e2a895trial-dev-warehouse-management-srv.cfapps.ap21.hana.ondemand.com",
      "default-uri" : "62e2a895trial-dev-warehouse-management-srv.cfapps.ap21.hana.ondemand.com",
      "default-instances" : 1,
      "default-live-host" : "62e2a895trial-dev-warehouse-management-srv",
      "instances" : 1,
      "buildpack" : "nodejs_buildpack",
      "default-host" : "62e2a895trial-dev-warehouse-management-srv",
      "app-name" : "warehouse-management-srv",
      "default-live-uri" : "62e2a895trial-dev-warehouse-management-srv.cfapps.ap21.hana.ondemand.com",
      "protocol" : "https",
      "default-live-app-name" : "warehouse-management-srv",
      "default-live-domain" : "cfapps.ap21.hana.ondemand.com",
      "domain" : "cfapps.ap21.hana.ondemand.com",
      "host" : "62e2a895trial-dev-warehouse-management-srv",
      "generated-user" : "********"
    },
    "requiredDependencies" : [ {
      "majorSchemaVersion" : 3,
      "name" : "********",
      "properties" : { },
      "parameters" : { },
      "propertiesMetadata" : {
        "metadata" : { }
      },
      "parametersMetadata" : {
        "metadata" : { }
      }
    }, {
      "majorSchemaVersion" : 3,
      "name" : "warehouse-management-db",
      "properties" : { },
      "parameters" : { },
      "propertiesMetadata" : {
        "metadata" : { }
      },
      "parametersMetadata" : {
        "metadata" : { }
      }
    } ],
    "providedDependencies" : [ {
      "majorSchemaVersion" : 3,
      "name" : "srv-api",
      "isPublic" : false,
      "properties" : {
        "srv-url" : "https://62e2a895trial-dev-warehouse-management-srv.cfapps.ap21.hana.ondemand.com"
      },
      "parameters" : { },
      "propertiesMetadata" : {
        "metadata" : { }
      },
      "parametersMetadata" : {
        "metadata" : { }
      }
    }, {
      "majorSchemaVersion" : 3,
      "name" : "warehouse-management-srv",
      "isPublic" : false,
      "properties" : { },
      "parameters" : { },
      "propertiesMetadata" : {
        "metadata" : { }
      },
      "parametersMetadata" : {
        "metadata" : { }
      }
    } ],
    "propertiesMetadata" : {
      "metadata" : { }
    },
    "parametersMetadata" : {
      "metadata" : { }
    },
    "hooks" : [ ]
  }, {
    "majorSchemaVersion" : 3,
    "name" : "warehouse-management-db-deployer",
    "type" : "com.sap.xs.hdi",
    "path" : "warehouse-management-db-deployer",
    "properties" : {
      "EXIT" : 1
    },
    "parameters" : {
      "default-url" : "https://62e2a895trial-dev-warehouse-management-db-deployer.cfapps.ap21.hana.ondemand.com",
      "default-app-name" : "warehouse-management-db-deployer",
      "generated-password" : "********",
      "default-live-url" : "https://62e2a895trial-dev-warehouse-management-db-deployer.cfapps.ap21.hana.ondemand.com",
      "default-uri" : "62e2a895trial-dev-warehouse-management-db-deployer.cfapps.ap21.hana.ondemand.com",
      "memory" : "256M",
      "default-instances" : 1,
      "no-route" : true,
      "default-live-host" : "62e2a895trial-dev-warehouse-management-db-deployer",
      "instances" : 1,
      "buildpack" : "nodejs_buildpack",
      "default-host" : "62e2a895trial-dev-warehouse-management-db-deployer",
      "app-name" : "warehouse-management-db-deployer",
      "default-live-uri" : "62e2a895trial-dev-warehouse-management-db-deployer.cfapps.ap21.hana.ondemand.com",
      "protocol" : "https",
      "default-live-app-name" : "warehouse-management-db-deployer",
      "default-live-domain" : "cfapps.ap21.hana.ondemand.com",
      "dependency-type" : "hard",
      "domain" : "cfapps.ap21.hana.ondemand.com",
      "host" : "62e2a895trial-dev-warehouse-management-db-deployer",
      "generated-user" : "********",
      "tasks" : [ {
        "command" : "npm start",
        "memory" : "256M",
        "name" : "deploy"
      } ],
      "no-start" : true
    },
    "requiredDependencies" : [ {
      "majorSchemaVersion" : 3,
      "name" : "warehouse-management-db",
      "properties" : { },
      "parameters" : { },
      "propertiesMetadata" : {
        "metadata" : { }
      },
      "parametersMetadata" : {
        "metadata" : { }
      }
    } ],
    "providedDependencies" : [ {
      "majorSchemaVersion" : 3,
      "name" : "warehouse-management-db-deployer",
      "isPublic" : false,
      "properties" : { },
      "parameters" : { },
      "propertiesMetadata" : {
        "metadata" : { }
      },
      "parametersMetadata" : {
        "metadata" : { }
      }
    } ],
    "propertiesMetadata" : {
      "metadata" : { }
    },
    "parametersMetadata" : {
      "metadata" : { }
    },
    "hooks" : [ ]
  }, {
    "majorSchemaVersion" : 3,
    "name" : "warehouse-management",
    "type" : "javascript.nodejs",
    "path" : "warehouse-management",
    "properties" : { },
    "parameters" : {
      "default-url" : "https://62e2a895trial-dev-warehouse-management.cfapps.ap21.hana.ondemand.com",
      "default-app-name" : "warehouse-management",
      "generated-password" : "********",
      "default-live-url" : "https://62e2a895trial-dev-warehouse-management.cfapps.ap21.hana.ondemand.com",
      "default-uri" : "62e2a895trial-dev-warehouse-management.cfapps.ap21.hana.ondemand.com",
      "memory" : "256M",
      "default-instances" : 1,
      "default-live-host" : "62e2a895trial-dev-warehouse-management",
      "instances" : 1,
      "default-host" : "62e2a895trial-dev-warehouse-management",
      "keep-existing-routes" : true,
      "app-name" : "warehouse-management",
      "default-live-uri" : "62e2a895trial-dev-warehouse-management.cfapps.ap21.hana.ondemand.com",
      "protocol" : "https",
      "default-live-app-name" : "warehouse-management",
      "default-live-domain" : "cfapps.ap21.hana.ondemand.com",
      "disk-quota" : "256M",
      "domain" : "cfapps.ap21.hana.ondemand.com",
      "host" : "62e2a895trial-dev-warehouse-management",
      "generated-user" : "********"
    },
    "requiredDependencies" : [ {
      "majorSchemaVersion" : 3,
      "name" : "srv-api",
      "group" : "destinations",
      "properties" : {
        "name" : "srv-api",
        "forwardAuthToken" : "********",
        "url" : "https://62e2a895trial-dev-warehouse-management-srv.cfapps.ap21.hana.ondemand.com"
      },
      "parameters" : { },
      "propertiesMetadata" : {
        "metadata" : { }
      },
      "parametersMetadata" : {
        "metadata" : { }
      }
    }, {
      "majorSchemaVersion" : 3,
      "name" : "********",
      "properties" : { },
      "parameters" : { },
      "propertiesMetadata" : {
        "metadata" : { }
      },
      "parametersMetadata" : {
        "metadata" : { }
      }
    }, {
      "majorSchemaVersion" : 3,
      "name" : "warehouse-management-html5-runtime",
      "properties" : { },
      "parameters" : { },
      "propertiesMetadata" : {
        "metadata" : { }
      },
      "parametersMetadata" : {
        "metadata" : { }
      }
    } ],
    "providedDependencies" : [ {
      "majorSchemaVersion" : 3,
      "name" : "app-api",
      "isPublic" : false,
      "properties" : {
        "app-protocol" : "https",
        "app-uri" : "62e2a895trial-dev-warehouse-management.cfapps.ap21.hana.ondemand.com"
      },
      "parameters" : { },
      "propertiesMetadata" : {
        "metadata" : { }
      },
      "parametersMetadata" : {
        "metadata" : { }
      }
    }, {
      "majorSchemaVersion" : 3,
      "name" : "warehouse-management",
      "isPublic" : false,
      "properties" : { },
      "parameters" : { },
      "propertiesMetadata" : {
        "metadata" : { }
      },
      "parametersMetadata" : {
        "metadata" : { }
      }
    } ],
    "propertiesMetadata" : {
      "metadata" : { }
    },
    "parametersMetadata" : {
      "metadata" : { }
    },
    "hooks" : [ ]
  }, {
    "majorSchemaVersion" : 3,
    "name" : "warehouse-management-app-deployer",
    "type" : "com.sap.application.content",
    "path" : "warehouse-management-app-deployer",
    "properties" : { },
    "parameters" : {
      "default-url" : "https://62e2a895trial-dev-warehouse-management-app-deployer.cfapps.ap21.hana.ondemand.com",
      "default-app-name" : "warehouse-management-app-deployer",
      "generated-password" : "********",
      "default-live-url" : "https://62e2a895trial-dev-warehouse-management-app-deployer.cfapps.ap21.hana.ondemand.com",
      "default-uri" : "62e2a895trial-dev-warehouse-management-app-deployer.cfapps.ap21.hana.ondemand.com",
      "default-instances" : 1,
      "default-live-host" : "62e2a895trial-dev-warehouse-management-app-deployer",
      "instances" : 1,
      "default-host" : "62e2a895trial-dev-warehouse-management-app-deployer",
      "app-name" : "warehouse-management-app-deployer",
      "default-live-uri" : "62e2a895trial-dev-warehouse-management-app-deployer.cfapps.ap21.hana.ondemand.com",
      "protocol" : "https",
      "default-live-app-name" : "warehouse-management-app-deployer",
      "default-live-domain" : "cfapps.ap21.hana.ondemand.com",
      "domain" : "cfapps.ap21.hana.ondemand.com",
      "host" : "62e2a895trial-dev-warehouse-management-app-deployer",
      "generated-user" : "********"
    },
    "requiredDependencies" : [ {
      "majorSchemaVersion" : 3,
      "name" : "********",
      "properties" : { },
      "parameters" : { },
      "propertiesMetadata" : {
        "metadata" : { }
      },
      "parametersMetadata" : {
        "metadata" : { }
      }
    }, {
      "majorSchemaVersion" : 3,
      "name" : "srv-api",
      "properties" : { },
      "parameters" : { },
      "propertiesMetadata" : {
        "metadata" : { }
      },
      "parametersMetadata" : {
        "metadata" : { }
      }
    }, {
      "majorSchemaVersion" : 3,
      "name" : "warehouse-management-html5-repo-host",
      "properties" : { },
      "parameters" : {
        "config" : {
          "HTML5Runtime_enabled" : true
        },
        "content-target" : true
      },
      "propertiesMetadata" : {
        "metadata" : { }
      },
      "parametersMetadata" : {
        "metadata" : { }
      }
    } ],
    "providedDependencies" : [ {
      "majorSchemaVersion" : 3,
      "name" : "warehouse-management-app-deployer",
      "isPublic" : false,
      "properties" : { },
      "parameters" : { },
      "propertiesMetadata" : {
        "metadata" : { }
      },
      "parametersMetadata" : {
        "metadata" : { }
      }
    } ],
    "propertiesMetadata" : {
      "metadata" : { }
    },
    "parametersMetadata" : {
      "metadata" : { }
    },
    "hooks" : [ ]
  } ],
  "resources" : [ {
    "majorSchemaVersion" : 3,
    "name" : "********",
    "type" : "org.cloudfoundry.managed-service",
    "properties" : { },
    "parameters" : {
      "generated-password" : "********",
      "path" : "./xs-security.json",
      "service-name" : "********",
      "service-plan" : "application",
      "service" : "xsuaa",
      "generated-user" : "********",
      "default-xsappname" : "********",
      "type" : "managed-service",
      "config" : {
        "oauth2-configuration" : "********",
        "role-collections" : [ {
          "description" : "generated",
          "name" : "WarehouseEmployee (warehouse-management 62e2a895trial-dev)",
          "role-template-references" : [ "$XSAPPNAME.WarehouseEmployee" ]
        }, {
          "description" : "generated",
          "name" : "WarehouseAdmin (warehouse-management 62e2a895trial-dev)",
          "role-template-references" : [ "$XSAPPNAME.WarehouseAdmin" ]
        } ],
        "tenant-mode" : "dedicated",
        "xsappname" : "warehouse-management-62e2a895trial-dev"
      },
      "default-service-name" : "********",
      "default-container-name" : "********"
    },
    "isActive" : true,
    "isOptional" : false,
    "propertiesMetadata" : {
      "metadata" : { }
    },
    "parametersMetadata" : {
      "metadata" : { }
    },
    "requiredDependencies" : [ {
      "majorSchemaVersion" : 3,
      "name" : "app-api",
      "properties" : { },
      "parameters" : { },
      "propertiesMetadata" : {
        "metadata" : { }
      },
      "parametersMetadata" : {
        "metadata" : { }
      }
    } ],
    "processedAfter" : [ ]
  }, {
    "majorSchemaVersion" : 3,
    "name" : "warehouse-management-db",
    "type" : "com.sap.xs.hdi-container",
    "properties" : { },
    "parameters" : {
      "generated-password" : "********",
      "service-name" : "warehouse-management-db",
      "service-plan" : "hdi-shared",
      "service" : "hana",
      "generated-user" : "********",
      "default-xsappname" : "warehouse-management-db",
      "type" : "managed-service",
      "default-service-name" : "warehouse-management-db",
      "default-container-name" : "62E2A895TRIAL_DEV_WAREHOUSE_MANAGEMENT_DB"
    },
    "isActive" : true,
    "isOptional" : false,
    "propertiesMetadata" : {
      "metadata" : { }
    },
    "parametersMetadata" : {
      "metadata" : { }
    },
    "requiredDependencies" : [ ],
    "processedAfter" : [ ]
  }, {
    "majorSchemaVersion" : 3,
    "name" : "warehouse-management-html5-repo-host",
    "type" : "org.cloudfoundry.managed-service",
    "properties" : { },
    "parameters" : {
      "generated-password" : "********",
      "service-name" : "warehouse-management-html5-repo-host",
      "service-plan" : "app-host",
      "service" : "html5-apps-repo",
      "generated-user" : "********",
      "default-xsappname" : "warehouse-management-html5-repo-host",
      "type" : "managed-service",
      "default-service-name" : "warehouse-management-html5-repo-host",
      "default-container-name" : "62E2A895TRIAL_DEV_WAREHOUSE_MANAGEMENT_HTML5_REPO_HOST"
    },
    "isActive" : true,
    "isOptional" : false,
    "propertiesMetadata" : {
      "metadata" : { }
    },
    "parametersMetadata" : {
      "metadata" : { }
    },
    "requiredDependencies" : [ ],
    "processedAfter" : [ ]
  }, {
    "majorSchemaVersion" : 3,
    "name" : "warehouse-management-html5-runtime",
    "type" : "org.cloudfoundry.managed-service",
    "properties" : { },
    "parameters" : {
      "generated-password" : "********",
      "service-name" : "warehouse-management-html5-runtime",
      "service-plan" : "app-runtime",
      "service" : "html5-apps-repo",
      "generated-user" : "********",
      "default-xsappname" : "warehouse-management-html5-runtime",
      "type" : "managed-service",
      "default-service-name" : "warehouse-management-html5-runtime",
      "default-container-name" : "62E2A895TRIAL_DEV_WAREHOUSE_MANAGEMENT_HTML5_RUNTIME"
    },
    "isActive" : true,
    "isOptional" : false,
    "propertiesMetadata" : {
      "metadata" : { }
    },
    "parametersMetadata" : {
      "metadata" : { }
    },
    "requiredDependencies" : [ ],
    "processedAfter" : [ ]
  } ],
  "parameters" : {
    "deploy_mode" : "html5-repo",
    "mta-id" : "warehouse-management",
    "authorization-url" : "********",
    "org-guid" : "315089a0-fdef-4d20-958f-61c9996fee50",
    "org" : "62e2a895trial",
    "deploy-target" : "62e2a895trial dev",
    "enable-parallel-deployments" : true,
    "region-primary-domain" : "ap21.hana.ondemand.com",
    "space" : "dev",
    "region-domain" : "ap21.hana.ondemand.com",
    "xs-api-url" : "https://api.cf.ap21.hana.ondemand.com",
    "deploy-url" : "deploy-service.cfapps.ap21.hana.ondemand.com",
    "xs-type" : "CF",
    "default-domain" : "cfapps.ap21.hana.ondemand.com",
    "mta-version" : "1.0.0",
    "xs-auth-url" : "********",
    "space-guid" : "a0aa86ab-27d5-49c9-872a-5b495a8a9781",
    "user" : "********",
    "controller-url" : "https://api.cf.ap21.hana.ondemand.com",
    "timestamp" : "20260928175723"
  },
  "parametersMetadata" : {
    "metadata" : { }
  }
}#
#2026 09 28 17:57:35.907#Z#DEBUG#0e88cb00-bb66-11f1-bf82-eeee0a9c991c.OPERATION#flowable-async-job-executor-thread-639#
[ProcessDescriptorStep] Merged descriptor properties and parameters resolved#
#2026 09 28 17:57:35.907#Z#DEBUG#0e88cb00-bb66-11f1-bf82-eeee0a9c991c.OPERATION#flowable-async-job-executor-thread-639#
Step "Re-Process Descriptor Step" finished#
#2026 09 28 17:57:35.939#Z#DEBUG#0e88cb00-bb66-11f1-bf82-eeee0a9c991c.OPERATION#flowable-async-job-executor-thread-639#
[BuildApplicationDeployModelStep] Executing task "buildApplicationDeployModelTask" of process "16294ece-bb66-11f1-958c-eeee0a90448b"...#
#2026 09 28 17:57:35.941#Z#DEBUG#0e88cb00-bb66-11f1-bf82-eeee0a9c991c.OPERATION#flowable-async-job-executor-thread-639#
[BuildApplicationDeployModelStep] Building cloud deployment model for application "warehouse-management-db-deployer"...#
#2026 09 28 17:57:35.946#Z#DEBUG#0e88cb00-bb66-11f1-bf82-eeee0a9c991c.OPERATION#flowable-async-job-executor-thread-639#
[BuildApplicationDeployModelStep] No health-check-type is specified. Setting default type: port#
#2026 09 28 17:57:35.947#Z#INFO#0e88cb00-bb66-11f1-bf82-eeee0a9c991c.OPERATION#flowable-async-job-executor-thread-639#
[BuildApplicationDeployModelStep] Building configuration entries for org 62e2a895trial, space dev, spaceId a0aa86ab-27d5-49c9-872a-5b495a8a9781 and namespace null!#
#2026 09 28 17:57:35.949#Z#DEBUG#0e88cb00-bb66-11f1-bf82-eeee0a9c991c.OPERATION#flowable-async-job-executor-thread-639#
[BuildApplicationDeployModelStep] Configuration entries to publish: [ ]#
#2026 09 28 17:57:35.949#Z#DEBUG#0e88cb00-bb66-11f1-bf82-eeee0a9c991c.OPERATION#flowable-async-job-executor-thread-639#
[BuildApplicationDeployModelStep] Cloud deployment model for application built#
#2026 09 28 17:57:35.949#Z#DEBUG#0e88cb00-bb66-11f1-bf82-eeee0a9c991c.OPERATION#flowable-async-job-executor-thread-639#
Step "Build Application Deploy Model" finished#
#2026 09 28 17:57:35.805#Z#DEBUG#0e88cb00-bb66-11f1-bf82-eeee0a9c991c.OPERATION#flowable-async-job-executor-thread-557#
[UnbindServiceFromApplicationStep] Executing task "unbindServiceFromApplicationTask" of process "15e9ada2-bb66-11f1-bf82-eeee0a9c991c"...#
#2026 09 28 17:57:35.808#Z#INFO#0e88cb00-bb66-11f1-bf82-eeee0a9c991c.OPERATION#flowable-async-job-executor-thread-557#
[UnbindServiceFromApplicationStep] Unbinding service instance "warehouse-management-auth" from application "warehouse-management-srv"...#
#2026 09 28 17:57:35.816#Z#DEBUG#0e88cb00-bb66-11f1-bf82-eeee0a9c991c.OPERATION#flowable-async-job-executor-thread-557#
[UnbindServiceFromApplicationStep] Unbinding application "warehouse-management-srv" from service instance "warehouse-management-auth"...#
#2026 09 28 17:57:35.995#Z#DEBUG#0e88cb00-bb66-11f1-bf82-eeee0a9c991c.OPERATION#flowable-async-job-executor-thread-557#
Step "Unbind Service from Application" finished#
#2026 09 28 17:57:35.677#Z#DEBUG#0e88cb00-bb66-11f1-bf82-eeee0a9c991c.OPERATION#flowable-async-job-executor-thread-195#
[BuildContentDeploymentConfigurationStep] Executing task "buildContentDeploymentConfigurationTask" of process "160301c3-bb66-11f1-84b9-eeee0a9de0c0"...#
#2026 09 28 17:57:35.784#Z#DEBUG#0e88cb00-bb66-11f1-bf82-eeee0a9c991c.OPERATION#ForkJoinPool-2-worker-1#
[BuildContentDeploymentConfigurationStep] Getting service key "warehouse-management-app-deployer-warehouse-management-auth-credentials" for service instance "warehouse-management-auth"...#
#2026 09 28 17:57:35.784#Z#DEBUG#0e88cb00-bb66-11f1-bf82-eeee0a9c991c.OPERATION#ForkJoinPool-2-worker-2#
[BuildContentDeploymentConfigurationStep] Getting service key "warehouse-management-app-deployer-warehouse-management-html5-repo-host-credentials" for service instance "warehouse-management-html5-repo-host"...#
#2026 09 28 17:57:35.990#Z#INFO#0e88cb00-bb66-11f1-bf82-eeee0a9c991c.OPERATION#ForkJoinPool-2-worker-2#
[BuildContentDeploymentConfigurationStep] Service key "warehouse-management-app-deployer-warehouse-management-html5-repo-host-credentials" for service "warehouse-management-html5-repo-host" already exists#
#2026 09 28 17:57:36.006#Z#INFO#0e88cb00-bb66-11f1-bf82-eeee0a9c991c.OPERATION#ForkJoinPool-2-worker-1#
[BuildContentDeploymentConfigurationStep] Service key "warehouse-management-app-deployer-warehouse-management-auth-credentials" for service "warehouse-management-auth" already exists#
#2026 09 28 17:57:36.047#Z#DEBUG#0e88cb00-bb66-11f1-bf82-eeee0a9c991c.OPERATION#flowable-async-job-executor-thread-195#
Step "Build Content Deployment Configuration" finished#
#2026 09 28 17:57:35.923#Z#DEBUG#0e88cb00-bb66-11f1-bf82-eeee0a9c991c.OPERATION#flowable-async-job-executor-thread-197#
[UnbindServiceFromApplicationStep] Executing task "unbindServiceFromApplicationTask" of process "15fb12e1-bb66-11f1-84b9-eeee0a9de0c0"...#
#2026 09 28 17:57:35.928#Z#INFO#0e88cb00-bb66-11f1-bf82-eeee0a9c991c.OPERATION#flowable-async-job-executor-thread-197#
[UnbindServiceFromApplicationStep] Unbinding service instance "warehouse-management-db" from application "warehouse-management-srv"...#
#2026 09 28 17:57:35.948#Z#DEBUG#0e88cb00-bb66-11f1-bf82-eeee0a9c991c.OPERATION#flowable-async-job-executor-thread-197#
[UnbindServiceFromApplicationStep] Unbinding application "warehouse-management-srv" from service instance "warehouse-management-db"...#
#2026 09 28 17:57:36.126#Z#DEBUG#0e88cb00-bb66-11f1-bf82-eeee0a9c991c.OPERATION#flowable-async-job-executor-thread-197#
Step "Unbind Service from Application" finished#
#2026 09 28 17:57:35.992#Z#DEBUG#0e88cb00-bb66-11f1-bf82-eeee0a9c991c.OPERATION#flowable-async-job-executor-thread-639#
[CreateOrUpdateAppStep] Executing task "createAppTask" of process "16294ece-bb66-11f1-958c-eeee0a90448b"...#
#2026 09 28 17:57:35.993#Z#DEBUG#0e88cb00-bb66-11f1-bf82-eeee0a9c991c.OPERATION#flowable-async-job-executor-thread-639#
[CreateOrUpdateAppStep] Getting application "warehouse-management-db-deployer"...#
#2026 09 28 17:57:36.024#Z#INFO#0e88cb00-bb66-11f1-bf82-eeee0a9c991c.OPERATION#flowable-async-job-executor-thread-639#
[CreateOrUpdateAppStep] Updating application "warehouse-management-db-deployer"...#
#2026 09 28 17:57:36.034#Z#DEBUG#0e88cb00-bb66-11f1-bf82-eeee0a9c991c.OPERATION#flowable-async-job-executor-thread-639#
[CreateOrUpdateAppStep] Getting process for application "013fb757-a2d7-4d59-b873-e68a92a34019"...#
#2026 09 28 17:57:36.071#Z#DEBUG#0e88cb00-bb66-11f1-bf82-eeee0a9c991c.OPERATION#flowable-async-job-executor-thread-639#
[CreateOrUpdateAppStep] Getting routes for application "013fb757-a2d7-4d59-b873-e68a92a34019"...#
#2026 09 28 17:57:36.104#Z#DEBUG#0e88cb00-bb66-11f1-bf82-eeee0a9c991c.OPERATION#flowable-async-job-executor-thread-639#
[CreateOrUpdateAppStep] Getting features for application "013fb757-a2d7-4d59-b873-e68a92a34019"#
#2026 09 28 17:57:36.127#Z#DEBUG#0e88cb00-bb66-11f1-bf82-eeee0a9c991c.OPERATION#flowable-async-job-executor-thread-639#
[CreateOrUpdateAppStep] Updating staging of application "warehouse-management-db-deployer" to: {
  "buildpacks" : [ "nodejs_buildpack" ],
  "healthCheckType" : "port",
  "appFeatures" : { }
}#
#2026 09 28 17:57:36.371#Z#DEBUG#0e88cb00-bb66-11f1-bf82-eeee0a9c991c.OPERATION#flowable-async-job-executor-thread-639#
[CreateOrUpdateAppStep] Application "warehouse-management-db-deployer" updated#
#2026 09 28 17:57:36.371#Z#DEBUG#0e88cb00-bb66-11f1-bf82-eeee0a9c991c.OPERATION#flowable-async-job-executor-thread-639#
[CreateOrUpdateAppStep] Getting environment of application "013fb757-a2d7-4d59-b873-e68a92a34019"...#
#2026 09 28 17:57:36.473#Z#DEBUG#0e88cb00-bb66-11f1-bf82-eeee0a9c991c.OPERATION#flowable-async-job-executor-thread-639#
[CreateOrUpdateAppStep] Application "warehouse-management-db-deployer" updated#
#2026 09 28 17:57:36.473#Z#DEBUG#0e88cb00-bb66-11f1-bf82-eeee0a9c991c.OPERATION#flowable-async-job-executor-thread-639#
Step "Create App" finished#
#2026 09 28 17:57:36.058#Z#DEBUG#0e88cb00-bb66-11f1-bf82-eeee0a9c991c.OPERATION#flowable-async-job-executor-thread-195#
[CreateContentDeployClientConfigurationStep] Executing task "createContentDeployClientConfigurationTask" of process "164ed7fd-bb66-11f1-84b9-eeee0a9de0c0"...#
#2026 09 28 17:57:36.092#Z#DEBUG#0e88cb00-bb66-11f1-bf82-eeee0a9c991c.OPERATION#flowable-async-job-executor-thread-195#
[CreateContentDeployClientConfigurationStep] Content deployer client configuration: {
  "contentDeployerUrl" : "https://html5-apps-repo-dt.cfapps.ap21.hana.ondemand.com",
  "uaaClientConfiguration" : {
    "url" : "********",
    "credentials" : "********",
    "authenticationStrategyType" : "********"
  },
  "httpRequestHeaders" : {
    "X-CorrelationID" : "0e88cb00-bb66-11f1-bf82-eeee0a9c991c"
  },
  "spaceId" : "a0aa86ab-27d5-49c9-872a-5b495a8a9781",
  "serviceName" : "warehouse-management-html5-repo-host"
}#
#2026 09 28 17:57:36.531#Z#DEBUG#0e88cb00-bb66-11f1-bf82-eeee0a9c991c.OPERATION#flowable-async-job-executor-thread-195#
Step "Create Content Deploy Client Configuration" finished#
#2026 09 28 17:57:36.536#Z#DEBUG#0e88cb00-bb66-11f1-bf82-eeee0a9c991c.OPERATION#flowable-async-job-executor-thread-195#
[GetContentFromDeploymentDescriptorStep] Executing task "getContentFromDeploymentDescriptorTask" of process "164ed7fd-bb66-11f1-84b9-eeee0a9de0c0"...#
#2026 09 28 17:57:36.539#Z#DEBUG#0e88cb00-bb66-11f1-bf82-eeee0a9c991c.OPERATION#flowable-async-job-executor-thread-195#
Step "Get Content From Deployment Descriptor" finished#
#2026 09 28 17:57:36.573#Z#DEBUG#0e88cb00-bb66-11f1-bf82-eeee0a9c991c.OPERATION#flowable-async-job-executor-thread-639#
[CheckServiceBindingOperationStep] Executing task "checkForServiceBindingOperationInProgress" of process "16977942-bb66-11f1-958c-eeee0a90448b"...#
#2026 09 28 17:57:36.573#Z#DEBUG#0e88cb00-bb66-11f1-bf82-eeee0a9c991c.OPERATION#flowable-async-job-executor-thread-639#
[CheckServiceBindingOperationStep] Checking for service binding operation in progress between app "warehouse-management-db-deployer" and service instance "warehouse-management-db"#
#2026 09 28 17:57:36.574#Z#DEBUG#0e88cb00-bb66-11f1-bf82-eeee0a9c991c.OPERATION#flowable-async-job-executor-thread-639#
[CheckServiceBindingOperationStep] Getting application guid "warehouse-management-db-deployer"...#
#2026 09 28 17:57:36.603#Z#DEBUG#0e88cb00-bb66-11f1-bf82-eeee0a9c991c.OPERATION#flowable-async-job-executor-thread-639#
[CheckServiceBindingOperationStep] Getting GUID of required service instance "warehouse-management-db"...#
#2026 09 28 17:57:36.642#Z#DEBUG#0e88cb00-bb66-11f1-bf82-eeee0a9c991c.OPERATION#flowable-async-job-executor-thread-639#
[CheckServiceBindingOperationStep] Getting binding of service instance "2f229352-2f4a-4fa9-b5fd-013c7f6606f1" with application "013fb757-a2d7-4d59-b873-e68a92a34019"...#
#2026 09 28 17:57:36.677#Z#DEBUG#0e88cb00-bb66-11f1-bf82-eeee0a9c991c.OPERATION#flowable-async-job-executor-thread-639#
[CheckServiceBindingOperationStep] Service binding operation "9e09577c-c4e6-4453-b04f-0d7426e89cd9" with type "create" is in state "failed"#
#2026 09 28 17:57:36.678#Z#WARN#0e88cb00-bb66-11f1-bf82-eeee0a9c991c.OPERATION#flowable-async-job-executor-thread-639#
[CheckServiceBindingOperationStep] Service binding "9e09577c-c4e6-4453-b04f-0d7426e89cd9" exists in broken state, will be recreated#
#2026 09 28 17:57:36.679#Z#DEBUG#0e88cb00-bb66-11f1-bf82-eeee0a9c991c.OPERATION#flowable-async-job-executor-thread-639#
Step "Check For Service Binding Operation In Progress" finished#
#2026 09 28 17:57:36.721#Z#DEBUG#0e88cb00-bb66-11f1-bf82-eeee0a9c991c.OPERATION#flowable-async-job-executor-thread-639#
[DetermineApplicationServiceBindingActionsStep] Executing task "determineApplicationServiceBindingActionsTask" of process "16977942-bb66-11f1-958c-eeee0a90448b"...#
#2026 09 28 17:57:36.722#Z#DEBUG#0e88cb00-bb66-11f1-bf82-eeee0a9c991c.OPERATION#flowable-async-job-executor-thread-639#
[DetermineApplicationServiceBindingActionsStep] Determine bind/unbind operations of application "warehouse-management-db-deployer" to service instance "warehouse-management-db"#
#2026 09 28 17:57:36.722#Z#DEBUG#0e88cb00-bb66-11f1-bf82-eeee0a9c991c.OPERATION#flowable-async-job-executor-thread-639#
[DetermineApplicationServiceBindingActionsStep] Getting application "warehouse-management-db-deployer"...#
#2026 09 28 17:57:36.758#Z#DEBUG#0e88cb00-bb66-11f1-bf82-eeee0a9c991c.OPERATION#flowable-async-job-executor-thread-639#
[DetermineApplicationServiceBindingActionsStep] Binding parameters for application "warehouse-management-db-deployer": { }#
#2026 09 28 17:57:36.800#Z#DEBUG#0e88cb00-bb66-11f1-bf82-eeee0a9c991c.OPERATION#flowable-async-job-executor-thread-639#
[DetermineApplicationServiceBindingActionsStep] Check should rebind application "warehouse-management-db-deployer" and service instance "warehouse-management-db"#
#2026 09 28 17:57:36.801#Z#DEBUG#0e88cb00-bb66-11f1-bf82-eeee0a9c991c.OPERATION#flowable-async-job-executor-thread-639#
[DetermineApplicationServiceBindingActionsStep] Calculated binding operations between application "warehouse-management-db-deployer" and service instance "warehouse-management-db": unbind - true bind - true#
#2026 09 28 17:57:36.801#Z#DEBUG#0e88cb00-bb66-11f1-bf82-eeee0a9c991c.OPERATION#flowable-async-job-executor-thread-639#
Step "Determine Application Service Binding Actions" finished#
#2026 09 28 17:57:36.853#Z#DEBUG#0e88cb00-bb66-11f1-bf82-eeee0a9c991c.OPERATION#flowable-async-job-executor-thread-639#
[UnbindServiceFromApplicationStep] Executing task "unbindServiceFromApplicationTask" of process "16977942-bb66-11f1-958c-eeee0a90448b"...#
#2026 09 28 17:57:36.855#Z#INFO#0e88cb00-bb66-11f1-bf82-eeee0a9c991c.OPERATION#flowable-async-job-executor-thread-639#
[UnbindServiceFromApplicationStep] Unbinding service instance "warehouse-management-db" from application "warehouse-management-db-deployer"...#
#2026 09 28 17:57:36.869#Z#DEBUG#0e88cb00-bb66-11f1-bf82-eeee0a9c991c.OPERATION#flowable-async-job-executor-thread-639#
[UnbindServiceFromApplicationStep] Unbinding application "warehouse-management-db-deployer" from service instance "warehouse-management-db"...#
#2026 09 28 17:57:37.066#Z#DEBUG#0e88cb00-bb66-11f1-bf82-eeee0a9c991c.OPERATION#flowable-async-job-executor-thread-639#
Step "Unbind Service from Application" finished#
#2026 09 28 17:57:36.543#Z#DEBUG#0e88cb00-bb66-11f1-bf82-eeee0a9c991c.OPERATION#flowable-async-job-executor-thread-195#
[UploadContentStep] Executing task "uploadContentTask" of process "164ed7fd-bb66-11f1-84b9-eeee0a9de0c0"...#
#2026 09 28 17:57:36.544#Z#INFO#0e88cb00-bb66-11f1-bf82-eeee0a9c991c.OPERATION#flowable-async-job-executor-thread-195#
[UploadContentStep] Uploading content module "warehouse-management-app-deployer" in target service "warehouse-management-html5-repo-host"...#
#2026 09 28 17:57:36.556#Z#DEBUG#0e88cb00-bb66-11f1-bf82-eeee0a9c991c.OPERATION#flowable-async-job-executor-thread-195#
[UploadContentStep] Uploading file "warehouse-management-app-deployer/app/data.zip" for content module "warehouse-management-app-deployer" in service "warehouse-management-html5-repo-host"#
#2026 09 28 17:57:36.764#Z#INFO#0e88cb00-bb66-11f1-bf82-eeee0a9c991c.OPERATION#flowable-async-job-executor-thread-195#
[UploadContentStep] Content to deploy size: 15,244 in bytes#
#2026 09 28 17:57:37.576#Z#DEBUG#0e88cb00-bb66-11f1-bf82-eeee0a9c991c.OPERATION#flowable-async-job-executor-thread-195#
[UploadContentStep] Uploaded content: {
  "id" : "7915f3e8-3758-4ad7-bec4-e9884cc8039b",
  "name" : "content.zip",
  "contentType" : "FILE"
}#
#2026 09 28 17:57:37.577#Z#DEBUG#0e88cb00-bb66-11f1-bf82-eeee0a9c991c.OPERATION#flowable-async-job-executor-thread-195#
Step "Upload Content" finished#
#2026 09 28 17:57:37.583#Z#DEBUG#0e88cb00-bb66-11f1-bf82-eeee0a9c991c.OPERATION#flowable-async-job-executor-thread-195#
[StartContentDeployStep] Executing task "startContentDeployTask" of process "164ed7fd-bb66-11f1-84b9-eeee0a9de0c0"...#
#2026 09 28 17:57:37.586#Z#INFO#0e88cb00-bb66-11f1-bf82-eeee0a9c991c.OPERATION#flowable-async-job-executor-thread-195#
[StartContentDeployStep] Deploying content module "warehouse-management-app-deployer" in target service "warehouse-management-html5-repo-host"...#
#2026 09 28 17:57:37.934#Z#DEBUG#0e88cb00-bb66-11f1-bf82-eeee0a9c991c.OPERATION#flowable-async-job-executor-thread-195#
Step "Start Content Deploy" finished#
#2026 09 28 17:57:42.504#Z#DEBUG#0e88cb00-bb66-11f1-bf82-eeee0a9c991c.OPERATION#flowable-async-job-executor-thread-648#
[UnbindServiceFromApplicationStep] Executing task "unbindServiceFromApplicationTask" of process "14f00abf-bb66-11f1-958c-eeee0a90448b"...#
#2026 09 28 17:57:42.507#Z#DEBUG#0e88cb00-bb66-11f1-bf82-eeee0a9c991c.OPERATION#flowable-async-job-executor-thread-648#
[UnbindServiceFromApplicationStep] Getting async job "e51271be-3358-4b6e-94b8-4a41ed9574cc"#
#2026 09 28 17:57:42.509#Z#DEBUG#0e88cb00-bb66-11f1-bf82-eeee0a9c991c.OPERATION#flowable-async-job-executor-thread-650#
[UnbindServiceFromApplicationStep] Executing task "unbindServiceFromApplicationTask" of process "15e9ada2-bb66-11f1-bf82-eeee0a9c991c"...#
#2026 09 28 17:57:42.511#Z#DEBUG#0e88cb00-bb66-11f1-bf82-eeee0a9c991c.OPERATION#flowable-async-job-executor-thread-650#
[UnbindServiceFromApplicationStep] Getting async job "0f23f464-4dd9-4737-8655-5c35763e1c8d"#
#2026 09 28 17:57:42.525#Z#DEBUG#0e88cb00-bb66-11f1-bf82-eeee0a9c991c.OPERATION#flowable-async-job-executor-thread-651#
[UnbindServiceFromApplicationStep] Executing task "unbindServiceFromApplicationTask" of process "157037cc-bb66-11f1-bf82-eeee0a9c991c"...#
#2026 09 28 17:57:42.529#Z#DEBUG#0e88cb00-bb66-11f1-bf82-eeee0a9c991c.OPERATION#flowable-async-job-executor-thread-651#
[UnbindServiceFromApplicationStep] Getting async job "e9c32e92-c37f-4ba2-9b7b-bded3ca05116"#
#2026 09 28 17:57:42.543#Z#DEBUG#0e88cb00-bb66-11f1-bf82-eeee0a9c991c.OPERATION#flowable-async-job-executor-thread-648#
[UnbindServiceFromApplicationStep] Getting service instance "warehouse-management-auth"...#
#2026 09 28 17:57:42.545#Z#DEBUG#0e88cb00-bb66-11f1-bf82-eeee0a9c991c.OPERATION#flowable-async-job-executor-thread-647#
[UnbindServiceFromApplicationStep] Executing task "unbindServiceFromApplicationTask" of process "15fb12e1-bb66-11f1-84b9-eeee0a9de0c0"...#
#2026 09 28 17:57:42.549#Z#DEBUG#0e88cb00-bb66-11f1-bf82-eeee0a9c991c.OPERATION#flowable-async-job-executor-thread-647#
[UnbindServiceFromApplicationStep] Getting async job "72323ecd-c3be-4fa2-b76c-8e50f169e8be"#
#2026 09 28 17:57:42.552#Z#DEBUG#0e88cb00-bb66-11f1-bf82-eeee0a9c991c.OPERATION#flowable-async-job-executor-thread-649#
[UnbindServiceFromApplicationStep] Executing task "unbindServiceFromApplicationTask" of process "16977942-bb66-11f1-958c-eeee0a90448b"...#
#2026 09 28 17:57:42.555#Z#DEBUG#0e88cb00-bb66-11f1-bf82-eeee0a9c991c.OPERATION#flowable-async-job-executor-thread-651#
[UnbindServiceFromApplicationStep] Getting service instance "warehouse-management-html5-runtime"...#
#2026 09 28 17:57:42.556#Z#DEBUG#0e88cb00-bb66-11f1-bf82-eeee0a9c991c.OPERATION#flowable-async-job-executor-thread-649#
[UnbindServiceFromApplicationStep] Getting async job "0a253648-6486-4730-ba52-d931ae457cf6"#
#2026 09 28 17:57:42.566#Z#DEBUG#0e88cb00-bb66-11f1-bf82-eeee0a9c991c.OPERATION#flowable-async-job-executor-thread-650#
[UnbindServiceFromApplicationStep] Getting service instance "warehouse-management-auth"...#
#2026 09 28 17:57:42.586#Z#DEBUG#0e88cb00-bb66-11f1-bf82-eeee0a9c991c.OPERATION#flowable-async-job-executor-thread-649#
[UnbindServiceFromApplicationStep] Getting service instance "warehouse-management-db"...#
#2026 09 28 17:57:42.616#Z#DEBUG#0e88cb00-bb66-11f1-bf82-eeee0a9c991c.OPERATION#flowable-async-job-executor-thread-647#
[UnbindServiceFromApplicationStep] Getting service instance "warehouse-management-db"...#
#2026 09 28 17:57:42.661#Z#DEBUG#0e88cb00-bb66-11f1-bf82-eeee0a9c991c.OPERATION#flowable-async-job-executor-thread-648#
[UnbindServiceFromApplicationStep] Async service binding operation with id "e51271be-3358-4b6e-94b8-4a41ed9574cc" finished#
#2026 09 28 17:57:42.665#Z#DEBUG#0e88cb00-bb66-11f1-bf82-eeee0a9c991c.OPERATION#flowable-async-job-executor-thread-648#
Step "Unbind Service from Application" finished#
#2026 09 28 17:57:42.682#Z#DEBUG#0e88cb00-bb66-11f1-bf82-eeee0a9c991c.OPERATION#flowable-async-job-executor-thread-651#
[UnbindServiceFromApplicationStep] Async service binding operation with id "e9c32e92-c37f-4ba2-9b7b-bded3ca05116" finished#
#2026 09 28 17:57:42.682#Z#DEBUG#0e88cb00-bb66-11f1-bf82-eeee0a9c991c.OPERATION#flowable-async-job-executor-thread-649#
[UnbindServiceFromApplicationStep] Async service binding operation with id "0a253648-6486-4730-ba52-d931ae457cf6" finished#
#2026 09 28 17:57:42.686#Z#DEBUG#0e88cb00-bb66-11f1-bf82-eeee0a9c991c.OPERATION#flowable-async-job-executor-thread-650#
[UnbindServiceFromApplicationStep] Async service binding operation with id "0f23f464-4dd9-4737-8655-5c35763e1c8d" finished#
#2026 09 28 17:57:42.686#Z#DEBUG#0e88cb00-bb66-11f1-bf82-eeee0a9c991c.OPERATION#flowable-async-job-executor-thread-649#
Step "Unbind Service from Application" finished#
#2026 09 28 17:57:42.686#Z#DEBUG#0e88cb00-bb66-11f1-bf82-eeee0a9c991c.OPERATION#flowable-async-job-executor-thread-651#
Step "Unbind Service from Application" finished#
#2026 09 28 17:57:42.688#Z#DEBUG#0e88cb00-bb66-11f1-bf82-eeee0a9c991c.OPERATION#flowable-async-job-executor-thread-650#
Step "Unbind Service from Application" finished#
#2026 09 28 17:57:42.713#Z#DEBUG#0e88cb00-bb66-11f1-bf82-eeee0a9c991c.OPERATION#flowable-async-job-executor-thread-647#
[UnbindServiceFromApplicationStep] Async service binding operation with id "72323ecd-c3be-4fa2-b76c-8e50f169e8be" finished#
#2026 09 28 17:57:42.718#Z#DEBUG#0e88cb00-bb66-11f1-bf82-eeee0a9c991c.OPERATION#flowable-async-job-executor-thread-647#
Step "Unbind Service from Application" finished#
#2026 09 28 17:57:42.730#Z#DEBUG#0e88cb00-bb66-11f1-bf82-eeee0a9c991c.OPERATION#flowable-async-job-executor-thread-648#
[BindServiceToApplicationStep] Executing task "bindServiceToApplicationTask" of process "14f00abf-bb66-11f1-958c-eeee0a90448b"...#
#2026 09 28 17:57:42.731#Z#DEBUG#0e88cb00-bb66-11f1-bf82-eeee0a9c991c.OPERATION#flowable-async-job-executor-thread-650#
[BindServiceToApplicationStep] Executing task "bindServiceToApplicationTask" of process "15e9ada2-bb66-11f1-bf82-eeee0a9c991c"...#
#2026 09 28 17:57:42.732#Z#INFO#0e88cb00-bb66-11f1-bf82-eeee0a9c991c.OPERATION#flowable-async-job-executor-thread-648#
[BindServiceToApplicationStep] Binding service instance "warehouse-management-auth" to application "warehouse-management"...#
#2026 09 28 17:57:42.733#Z#INFO#0e88cb00-bb66-11f1-bf82-eeee0a9c991c.OPERATION#flowable-async-job-executor-thread-650#
[BindServiceToApplicationStep] Binding service instance "warehouse-management-auth" to application "warehouse-management-srv"...#
#2026 09 28 17:57:42.749#Z#DEBUG#0e88cb00-bb66-11f1-bf82-eeee0a9c991c.OPERATION#flowable-async-job-executor-thread-648#
[BindServiceToApplicationStep] Binding service instance "warehouse-management-auth" to application "warehouse-management" with parameters: { }#
#2026 09 28 17:57:42.750#Z#DEBUG#0e88cb00-bb66-11f1-bf82-eeee0a9c991c.OPERATION#flowable-async-job-executor-thread-650#
[BindServiceToApplicationStep] Binding service instance "warehouse-management-auth" to application "warehouse-management-srv" with parameters: { }#
#2026 09 28 17:57:42.759#Z#DEBUG#0e88cb00-bb66-11f1-bf82-eeee0a9c991c.OPERATION#flowable-async-job-executor-thread-651#
[BindServiceToApplicationStep] Executing task "bindServiceToApplicationTask" of process "157037cc-bb66-11f1-bf82-eeee0a9c991c"...#
#2026 09 28 17:57:42.762#Z#INFO#0e88cb00-bb66-11f1-bf82-eeee0a9c991c.OPERATION#flowable-async-job-executor-thread-651#
[BindServiceToApplicationStep] Binding service instance "warehouse-management-html5-runtime" to application "warehouse-management"...#
#2026 09 28 17:57:42.763#Z#DEBUG#0e88cb00-bb66-11f1-bf82-eeee0a9c991c.OPERATION#flowable-async-job-executor-thread-649#
[BindServiceToApplicationStep] Executing task "bindServiceToApplicationTask" of process "16977942-bb66-11f1-958c-eeee0a90448b"...#
#2026 09 28 17:57:42.766#Z#INFO#0e88cb00-bb66-11f1-bf82-eeee0a9c991c.OPERATION#flowable-async-job-executor-thread-649#
[BindServiceToApplicationStep] Binding service instance "warehouse-management-db" to application "warehouse-management-db-deployer"...#
#2026 09 28 17:57:42.782#Z#DEBUG#0e88cb00-bb66-11f1-bf82-eeee0a9c991c.OPERATION#flowable-async-job-executor-thread-651#
[BindServiceToApplicationStep] Binding service instance "warehouse-management-html5-runtime" to application "warehouse-management" with parameters: { }#
#2026 09 28 17:57:42.784#Z#DEBUG#0e88cb00-bb66-11f1-bf82-eeee0a9c991c.OPERATION#flowable-async-job-executor-thread-649#
[BindServiceToApplicationStep] Binding service instance "warehouse-management-db" to application "warehouse-management-db-deployer" with parameters: { }#
#2026 09 28 17:57:42.786#Z#DEBUG#0e88cb00-bb66-11f1-bf82-eeee0a9c991c.OPERATION#flowable-async-job-executor-thread-647#
[BindServiceToApplicationStep] Executing task "bindServiceToApplicationTask" of process "15fb12e1-bb66-11f1-84b9-eeee0a9de0c0"...#
#2026 09 28 17:57:42.789#Z#INFO#0e88cb00-bb66-11f1-bf82-eeee0a9c991c.OPERATION#flowable-async-job-executor-thread-647#
[BindServiceToApplicationStep] Binding service instance "warehouse-management-db" to application "warehouse-management-srv"...#
#2026 09 28 17:57:42.800#Z#DEBUG#0e88cb00-bb66-11f1-bf82-eeee0a9c991c.OPERATION#flowable-async-job-executor-thread-647#
[BindServiceToApplicationStep] Binding service instance "warehouse-management-db" to application "warehouse-management-srv" with parameters: { }#
#2026 09 28 17:57:42.883#Z#DEBUG#0e88cb00-bb66-11f1-bf82-eeee0a9c991c.OPERATION#flowable-async-job-executor-thread-648#
Step "Bind Service to Application" finished#
#2026 09 28 17:57:42.891#Z#DEBUG#0e88cb00-bb66-11f1-bf82-eeee0a9c991c.OPERATION#flowable-async-job-executor-thread-650#
Step "Bind Service to Application" finished#
#2026 09 28 17:57:42.907#Z#DEBUG#0e88cb00-bb66-11f1-bf82-eeee0a9c991c.OPERATION#flowable-async-job-executor-thread-649#
Step "Bind Service to Application" finished#
#2026 09 28 17:57:42.920#Z#DEBUG#0e88cb00-bb66-11f1-bf82-eeee0a9c991c.OPERATION#flowable-async-job-executor-thread-651#
Step "Bind Service to Application" finished#
#2026 09 28 17:57:42.932#Z#DEBUG#0e88cb00-bb66-11f1-bf82-eeee0a9c991c.OPERATION#flowable-async-job-executor-thread-647#
Step "Bind Service to Application" finished#
#2026 09 28 17:57:52.546#Z#DEBUG#0e88cb00-bb66-11f1-bf82-eeee0a9c991c.OPERATION#flowable-async-job-executor-thread-656#
[BindServiceToApplicationStep] Executing task "bindServiceToApplicationTask" of process "157037cc-bb66-11f1-bf82-eeee0a9c991c"...#
#2026 09 28 17:57:52.548#Z#DEBUG#0e88cb00-bb66-11f1-bf82-eeee0a9c991c.OPERATION#flowable-async-job-executor-thread-656#
[BindServiceToApplicationStep] Getting async job "c10b29ca-c9d3-4419-b7bf-b857de2dc42e"#
#2026 09 28 17:57:52.572#Z#DEBUG#0e88cb00-bb66-11f1-bf82-eeee0a9c991c.OPERATION#flowable-async-job-executor-thread-659#
[BindServiceToApplicationStep] Executing task "bindServiceToApplicationTask" of process "14f00abf-bb66-11f1-958c-eeee0a90448b"...#
#2026 09 28 17:57:52.575#Z#DEBUG#0e88cb00-bb66-11f1-bf82-eeee0a9c991c.OPERATION#flowable-async-job-executor-thread-659#
[BindServiceToApplicationStep] Getting async job "85f52f5e-e926-4f71-a8b8-ec52e1d01011"#
#2026 09 28 17:57:52.580#Z#DEBUG#0e88cb00-bb66-11f1-bf82-eeee0a9c991c.OPERATION#flowable-async-job-executor-thread-657#
[BindServiceToApplicationStep] Executing task "bindServiceToApplicationTask" of process "16977942-bb66-11f1-958c-eeee0a90448b"...#
#2026 09 28 17:57:52.581#Z#DEBUG#0e88cb00-bb66-11f1-bf82-eeee0a9c991c.OPERATION#flowable-async-job-executor-thread-655#
[BindServiceToApplicationStep] Executing task "bindServiceToApplicationTask" of process "15e9ada2-bb66-11f1-bf82-eeee0a9c991c"...#
#2026 09 28 17:57:52.582#Z#DEBUG#0e88cb00-bb66-11f1-bf82-eeee0a9c991c.OPERATION#flowable-async-job-executor-thread-657#
[BindServiceToApplicationStep] Getting async job "1cbe3d5a-4099-4847-968b-e7e5ee60b689"#
#2026 09 28 17:57:52.584#Z#DEBUG#0e88cb00-bb66-11f1-bf82-eeee0a9c991c.OPERATION#flowable-async-job-executor-thread-655#
[BindServiceToApplicationStep] Getting async job "b4ea6d9a-e28f-41b5-a4c8-10b63f157f2c"#
#2026 09 28 17:57:52.584#Z#DEBUG#0e88cb00-bb66-11f1-bf82-eeee0a9c991c.OPERATION#flowable-async-job-executor-thread-656#
[BindServiceToApplicationStep] Getting service instance "warehouse-management-html5-runtime"...#
#2026 09 28 17:57:52.606#Z#DEBUG#0e88cb00-bb66-11f1-bf82-eeee0a9c991c.OPERATION#flowable-async-job-executor-thread-659#
[BindServiceToApplicationStep] Getting service instance "warehouse-management-auth"...#
#2026 09 28 17:57:52.612#Z#DEBUG#0e88cb00-bb66-11f1-bf82-eeee0a9c991c.OPERATION#flowable-async-job-executor-thread-658#
[BindServiceToApplicationStep] Executing task "bindServiceToApplicationTask" of process "15fb12e1-bb66-11f1-84b9-eeee0a9de0c0"...#
#2026 09 28 17:57:52.615#Z#DEBUG#0e88cb00-bb66-11f1-bf82-eeee0a9c991c.OPERATION#flowable-async-job-executor-thread-658#
[BindServiceToApplicationStep] Getting async job "b4e48fe6-625b-4b33-a111-7dea2a9418fe"#
#2026 09 28 17:57:52.632#Z#DEBUG#0e88cb00-bb66-11f1-bf82-eeee0a9c991c.OPERATION#flowable-async-job-executor-thread-657#
[BindServiceToApplicationStep] Getting service instance "warehouse-management-db"...#
#2026 09 28 17:57:52.640#Z#DEBUG#0e88cb00-bb66-11f1-bf82-eeee0a9c991c.OPERATION#flowable-async-job-executor-thread-655#
[BindServiceToApplicationStep] Getting service instance "warehouse-management-auth"...#
#2026 09 28 17:57:52.645#Z#DEBUG#0e88cb00-bb66-11f1-bf82-eeee0a9c991c.OPERATION#flowable-async-job-executor-thread-658#
[BindServiceToApplicationStep] Getting service instance "warehouse-management-db"...#
#2026 09 28 17:57:52.718#Z#DEBUG#0e88cb00-bb66-11f1-bf82-eeee0a9c991c.OPERATION#flowable-async-job-executor-thread-659#
[BindServiceToApplicationStep] Async service binding operation with id "85f52f5e-e926-4f71-a8b8-ec52e1d01011" finished#
#2026 09 28 17:57:52.720#Z#DEBUG#0e88cb00-bb66-11f1-bf82-eeee0a9c991c.OPERATION#flowable-async-job-executor-thread-659#
Step "Bind Service to Application" finished#
#2026 09 28 17:57:52.734#Z#DEBUG#0e88cb00-bb66-11f1-bf82-eeee0a9c991c.OPERATION#flowable-async-job-executor-thread-656#
[BindServiceToApplicationStep] Async service binding operation with id "c10b29ca-c9d3-4419-b7bf-b857de2dc42e" finished#
#2026 09 28 17:57:52.735#Z#DEBUG#0e88cb00-bb66-11f1-bf82-eeee0a9c991c.OPERATION#flowable-async-job-executor-thread-656#
Step "Bind Service to Application" finished#
#2026 09 28 17:57:52.748#Z#ERROR#0e88cb00-bb66-11f1-bf82-eeee0a9c991c.OPERATION#flowable-async-job-executor-thread-657#
[BindServiceToApplicationStep] Async operation for service binding "1cbe3d5a-4099-4847-968b-e7e5ee60b689" between app "warehouse-management-db-deployer" and service instance "warehouse-management-db" with offering "hana" and plan "hdi-shared" failed with errors: 10009 CF-UnableToPerform create could not be completed: VCAP::CloudController::V3::LastOperationFailedState#
#2026 09 28 17:57:52.760#Z#INFO#0e88cb00-bb66-11f1-bf82-eeee0a9c991c.OPERATION#flowable-async-job-executor-thread-657#
[BindServiceToApplicationStep] Download the MTA operation logs for more details.#
#2026 09 28 17:57:52.768#Z#ERROR#0e88cb00-bb66-11f1-bf82-eeee0a9c991c.OPERATION#flowable-async-job-executor-thread-658#
[BindServiceToApplicationStep] Async operation for service binding "b4e48fe6-625b-4b33-a111-7dea2a9418fe" between app "warehouse-management-srv" and service instance "warehouse-management-db" with offering "hana" and plan "hdi-shared" failed with errors: 10009 CF-UnableToPerform create could not be completed: VCAP::CloudController::V3::LastOperationFailedState#
#2026 09 28 17:57:52.770#Z#DEBUG#0e88cb00-bb66-11f1-bf82-eeee0a9c991c.OPERATION#flowable-async-job-executor-thread-657#
Step "Bind Service to Application" finished#
#2026 09 28 17:57:52.781#Z#INFO#0e88cb00-bb66-11f1-bf82-eeee0a9c991c.OPERATION#flowable-async-job-executor-thread-658#
[BindServiceToApplicationStep] Download the MTA operation logs for more details.#
#2026 09 28 17:57:52.797#Z#DEBUG#0e88cb00-bb66-11f1-bf82-eeee0a9c991c.OPERATION#flowable-async-job-executor-thread-655#
[BindServiceToApplicationStep] Async service binding operation with id "b4ea6d9a-e28f-41b5-a4c8-10b63f157f2c" finished#
#2026 09 28 17:57:52.799#Z#DEBUG#0e88cb00-bb66-11f1-bf82-eeee0a9c991c.OPERATION#flowable-async-job-executor-thread-655#
Step "Bind Service to Application" finished#
#2026 09 28 17:57:52.802#Z#DEBUG#0e88cb00-bb66-11f1-bf82-eeee0a9c991c.OPERATION#flowable-async-job-executor-thread-658#
Step "Bind Service to Application" finished#
#2026 09 28 17:57:52.543#Z#DEBUG#0e88cb00-bb66-11f1-bf82-eeee0a9c991c.OPERATION#flowable-async-job-executor-thread-654#
[StartContentDeployStep] Executing task "startContentDeployTask" of process "164ed7fd-bb66-11f1-84b9-eeee0a9de0c0"...#
#2026 09 28 17:57:52.562#Z#DEBUG#0e88cb00-bb66-11f1-bf82-eeee0a9c991c.OPERATION#flowable-async-job-executor-thread-654#
[StartContentDeployStep] Checking status of module content deployment "warehouse-management-app-deployer" in service "warehouse-management-html5-repo-host"...#
#2026 09 28 17:57:53.106#Z#DEBUG#0e88cb00-bb66-11f1-bf82-eeee0a9c991c.OPERATION#flowable-async-job-executor-thread-654#
[StartContentDeployStep] Deleting content deployment resource "7915f3e8-3758-4ad7-bec4-e9884cc8039b"...#
#2026 09 28 17:57:53.162#Z#DEBUG#0e88cb00-bb66-11f1-bf82-eeee0a9c991c.OPERATION#flowable-async-job-executor-thread-654#
Step "Start Content Deploy" finished#
#2026 09 28 17:57:53.655#Z#DEBUG#0e88cb00-bb66-11f1-bf82-eeee0a9c991c.OPERATION#flowable-async-job-executor-thread-199#
[DetermineVcapServicesPropertiesChangedStep] Executing task "determineVcapServicesPropertiesChangedTask" of process "20c1679f-bb66-11f1-84b9-eeee0a9de0c0"...#
#2026 09 28 17:57:53.659#Z#DEBUG#0e88cb00-bb66-11f1-bf82-eeee0a9c991c.OPERATION#flowable-async-job-executor-thread-199#
[DetermineVcapServicesPropertiesChangedStep] VCAP_SERVICES properties for application "warehouse-management" changed: true#
#2026 09 28 17:57:53.659#Z#DEBUG#0e88cb00-bb66-11f1-bf82-eeee0a9c991c.OPERATION#flowable-async-job-executor-thread-199#
Step "Determine vcap services properties changed" finished#
#2026 09 28 17:57:53.710#Z#DEBUG#0e88cb00-bb66-11f1-bf82-eeee0a9c991c.OPERATION#flowable-async-job-executor-thread-200#
[UploadAppStep] Executing task "uploadAppTask" of process "20c1679f-bb66-11f1-84b9-eeee0a9de0c0"...#
#2026 09 28 17:57:53.714#Z#DEBUG#0e88cb00-bb66-11f1-bf82-eeee0a9c991c.OPERATION#flowable-async-job-executor-thread-200#
[UploadAppStep] Application upload timeout is default one: 3,600 seconds#
#2026 09 28 17:57:53.715#Z#INFO#0e88cb00-bb66-11f1-bf82-eeee0a9c991c.OPERATION#flowable-async-job-executor-thread-200#
[UploadAppStep] Uploading application "warehouse-management"...#
#2026 09 28 17:57:53.728#Z#DEBUG#0e88cb00-bb66-11f1-bf82-eeee0a9c991c.OPERATION#flowable-async-job-executor-thread-200#
[UploadAppStep] Getting application "warehouse-management"...#
#2026 09 28 17:57:53.758#Z#DEBUG#0e88cb00-bb66-11f1-bf82-eeee0a9c991c.OPERATION#flowable-async-job-executor-thread-200#
[UploadAppStep] Getting environment of application "771302de-d443-481b-8eae-700cc4bb0b2f"...#
#2026 09 28 17:57:53.806#Z#INFO#0e88cb00-bb66-11f1-bf82-eeee0a9c991c.OPERATION#flowable-async-job-executor-thread-200#
[UploadAppStep] Calculating application digest: "warehouse-management"#
#2026 09 28 17:57:53.970#Z#DEBUG#0e88cb00-bb66-11f1-bf82-eeee0a9c991c.OPERATION#flowable-async-job-executor-thread-200#
[UploadAppStep] Getting packages for application: "771302de-d443-481b-8eae-700cc4bb0b2f"#
#2026 09 28 17:57:54.038#Z#DEBUG#0e88cb00-bb66-11f1-bf82-eeee0a9c991c.OPERATION#flowable-async-job-executor-thread-200#
[UploadAppStep] Getting the current droplet for application: "771302de-d443-481b-8eae-700cc4bb0b2f"#
#2026 09 28 17:57:54.105#Z#DEBUG#0e88cb00-bb66-11f1-bf82-eeee0a9c991c.OPERATION#flowable-async-job-executor-thread-200#
[UploadAppStep] Getting package by id: "1b564fe4-6282-4869-ac02-3e7f3f2d82a7"#
#2026 09 28 17:57:54.138#Z#DEBUG#0e88cb00-bb66-11f1-bf82-eeee0a9c991c.OPERATION#flowable-async-job-executor-thread-200#
[UploadAppStep] Getting builds for application "771302de-d443-481b-8eae-700cc4bb0b2f"...#
#2026 09 28 17:57:54.231#Z#DEBUG#0e88cb00-bb66-11f1-bf82-eeee0a9c991c.OPERATION#flowable-async-job-executor-thread-200#
[UploadAppStep] Getting the current droplet for application: "771302de-d443-481b-8eae-700cc4bb0b2f"#
#2026 09 28 17:57:54.276#Z#INFO#0e88cb00-bb66-11f1-bf82-eeee0a9c991c.OPERATION#flowable-async-job-executor-thread-200#
[UploadAppStep] Content of application "warehouse-management" is not changed - upload will be skipped.#
#2026 09 28 17:57:54.290#Z#DEBUG#0e88cb00-bb66-11f1-bf82-eeee0a9c991c.OPERATION#flowable-async-job-executor-thread-200#
Step "Upload App" finished#
#2026 09 28 17:57:54.343#Z#DEBUG#0e88cb00-bb66-11f1-bf82-eeee0a9c991c.OPERATION#flowable-async-job-executor-thread-201#
[ScaleAppStep] Executing task "scaleAppTask" of process "20c1679f-bb66-11f1-84b9-eeee0a9de0c0"...#
#2026 09 28 17:57:54.346#Z#DEBUG#0e88cb00-bb66-11f1-bf82-eeee0a9c991c.OPERATION#flowable-async-job-executor-thread-201#
[ScaleAppStep] Scaling application "warehouse-management"...#
#2026 09 28 17:57:54.346#Z#DEBUG#0e88cb00-bb66-11f1-bf82-eeee0a9c991c.OPERATION#flowable-async-job-executor-thread-201#
[ScaleAppStep] Getting application guid "warehouse-management"...#
#2026 09 28 17:57:54.382#Z#DEBUG#0e88cb00-bb66-11f1-bf82-eeee0a9c991c.OPERATION#flowable-async-job-executor-thread-201#
[ScaleAppStep] Getting process for application "771302de-d443-481b-8eae-700cc4bb0b2f"...#
#2026 09 28 17:57:54.427#Z#DEBUG#0e88cb00-bb66-11f1-bf82-eeee0a9c991c.OPERATION#flowable-async-job-executor-thread-201#
[ScaleAppStep] Application "warehouse-management" scaled#
#2026 09 28 17:57:54.427#Z#DEBUG#0e88cb00-bb66-11f1-bf82-eeee0a9c991c.OPERATION#flowable-async-job-executor-thread-201#
Step "Scale App" finished#
#2026 09 28 17:57:54.471#Z#DEBUG#0e88cb00-bb66-11f1-bf82-eeee0a9c991c.OPERATION#flowable-async-job-executor-thread-202#
[DetermineDesiredStateAchievingActionsStep] Executing task "determineDesiredStateAchievingActionsTask" of process "20c1679f-bb66-11f1-84b9-eeee0a9de0c0"...#
#2026 09 28 17:57:54.473#Z#DEBUG#0e88cb00-bb66-11f1-bf82-eeee0a9c991c.OPERATION#flowable-async-job-executor-thread-202#
[DetermineDesiredStateAchievingActionsStep] Getting application "warehouse-management"...#
#2026 09 28 17:57:54.510#Z#DEBUG#0e88cb00-bb66-11f1-bf82-eeee0a9c991c.OPERATION#flowable-async-job-executor-thread-202#
[DetermineDesiredStateAchievingActionsStep] Getting instances for application "warehouse-management"...#
#2026 09 28 17:57:54.600#Z#DEBUG#0e88cb00-bb66-11f1-bf82-eeee0a9c991c.OPERATION#flowable-async-job-executor-thread-202#
[DetermineDesiredStateAchievingActionsStep] Getting environment of application "771302de-d443-481b-8eae-700cc4bb0b2f"...#
#2026 09 28 17:57:54.651#Z#DEBUG#0e88cb00-bb66-11f1-bf82-eeee0a9c991c.OPERATION#flowable-async-job-executor-thread-202#
[DetermineDesiredStateAchievingActionsStep] Current state of application warehouse-management: STARTED#
#2026 09 28 17:57:54.651#Z#DEBUG#0e88cb00-bb66-11f1-bf82-eeee0a9c991c.OPERATION#flowable-async-job-executor-thread-202#
[DetermineDesiredStateAchievingActionsStep] Desired state of application warehouse-management: STARTED#
#2026 09 28 17:57:54.652#Z#DEBUG#0e88cb00-bb66-11f1-bf82-eeee0a9c991c.OPERATION#flowable-async-job-executor-thread-202#
[DetermineDesiredStateAchievingActionsStep] Actions that should be executed on application warehouse-management: [STOP, STAGE, START]#
#2026 09 28 17:57:54.652#Z#DEBUG#0e88cb00-bb66-11f1-bf82-eeee0a9c991c.OPERATION#flowable-async-job-executor-thread-202#
Step "Determine Desired State Achieving Actions" finished#
#2026 09 28 17:57:54.543#Z#DEBUG#0e88cb00-bb66-11f1-bf82-eeee0a9c991c.OPERATION#flowable-async-job-executor-thread-562#
[BindServiceToApplicationStep] Executing task "bindServiceToApplicationTask" of process "15fb12e1-bb66-11f1-84b9-eeee0a9de0c0"...#
#2026 09 28 17:57:54.545#Z#INFO#0e88cb00-bb66-11f1-bf82-eeee0a9c991c.OPERATION#flowable-async-job-executor-thread-562#
[BindServiceToApplicationStep] Binding service instance "warehouse-management-db" to application "warehouse-management-srv"...#
#2026 09 28 17:57:54.555#Z#DEBUG#0e88cb00-bb66-11f1-bf82-eeee0a9c991c.OPERATION#flowable-async-job-executor-thread-562#
[BindServiceToApplicationStep] Binding service instance "warehouse-management-db" to application "warehouse-management-srv" with parameters: { }#
#2026 09 28 17:57:54.561#Z#DEBUG#0e88cb00-bb66-11f1-bf82-eeee0a9c991c.OPERATION#flowable-async-job-executor-thread-563#
[BindServiceToApplicationStep] Executing task "bindServiceToApplicationTask" of process "16977942-bb66-11f1-958c-eeee0a90448b"...#
#2026 09 28 17:57:54.563#Z#INFO#0e88cb00-bb66-11f1-bf82-eeee0a9c991c.OPERATION#flowable-async-job-executor-thread-563#
[BindServiceToApplicationStep] Binding service instance "warehouse-management-db" to application "warehouse-management-db-deployer"...#
#2026 09 28 17:57:54.574#Z#DEBUG#0e88cb00-bb66-11f1-bf82-eeee0a9c991c.OPERATION#flowable-async-job-executor-thread-563#
[BindServiceToApplicationStep] Binding service instance "warehouse-management-db" to application "warehouse-management-db-deployer" with parameters: { }#
#2026 09 28 17:57:54.688#Z#DEBUG#0e88cb00-bb66-11f1-bf82-eeee0a9c991c.OPERATION#flowable-async-job-executor-thread-562#
Step "Bind Service to Application" finished#
#2026 09 28 17:57:54.716#Z#DEBUG#0e88cb00-bb66-11f1-bf82-eeee0a9c991c.OPERATION#flowable-async-job-executor-thread-563#
Step "Bind Service to Application" finished#
#2026 09 28 17:57:54.707#Z#DEBUG#0e88cb00-bb66-11f1-bf82-eeee0a9c991c.OPERATION#flowable-async-job-executor-thread-203#
[StopAppStep] Executing task "stopAppTask" of process "20c1679f-bb66-11f1-84b9-eeee0a9de0c0"...#
#2026 09 28 17:57:54.713#Z#INFO#0e88cb00-bb66-11f1-bf82-eeee0a9c991c.OPERATION#flowable-async-job-executor-thread-203#
[StopAppStep] Stopping application "warehouse-management"...#
#2026 09 28 17:57:54.725#Z#DEBUG#0e88cb00-bb66-11f1-bf82-eeee0a9c991c.OPERATION#flowable-async-job-executor-thread-203#
[StopAppStep] Stopping application "warehouse-management"...#
#2026 09 28 17:57:54.926#Z#DEBUG#0e88cb00-bb66-11f1-bf82-eeee0a9c991c.OPERATION#flowable-async-job-executor-thread-203#
[StopAppStep] Application "warehouse-management" stopped#
#2026 09 28 17:57:54.928#Z#DEBUG#0e88cb00-bb66-11f1-bf82-eeee0a9c991c.OPERATION#flowable-async-job-executor-thread-203#
[StopAppStep] Getting environment of application "771302de-d443-481b-8eae-700cc4bb0b2f"...#
#2026 09 28 17:57:54.969#Z#DEBUG#0e88cb00-bb66-11f1-bf82-eeee0a9c991c.OPERATION#flowable-async-job-executor-thread-203#
Step "Stop App" finished#
#2026 09 28 17:57:55.035#Z#DEBUG#0e88cb00-bb66-11f1-bf82-eeee0a9c991c.OPERATION#flowable-async-job-executor-thread-204#
[StageAppStep] Executing task "stageAppTask" of process "21961bef-bb66-11f1-84b9-eeee0a9de0c0"...#
#2026 09 28 17:57:55.039#Z#DEBUG#0e88cb00-bb66-11f1-bf82-eeee0a9c991c.OPERATION#flowable-async-job-executor-thread-204#
[StageAppStep] Application stage timeout is default one: 3,600 seconds#
#2026 09 28 17:57:55.042#Z#DEBUG#0e88cb00-bb66-11f1-bf82-eeee0a9c991c.OPERATION#flowable-async-job-executor-thread-204#
Step "Stage App" finished#
#2026 09 28 17:57:55.105#Z#DEBUG#0e88cb00-bb66-11f1-bf82-eeee0a9c991c.OPERATION#flowable-async-job-executor-thread-205#
[RestartAppStep] Executing task "startAppTask" of process "21961bef-bb66-11f1-84b9-eeee0a9de0c0"...#
#2026 09 28 17:57:55.111#Z#DEBUG#0e88cb00-bb66-11f1-bf82-eeee0a9c991c.OPERATION#flowable-async-job-executor-thread-205#
[RestartAppStep] Application start timeout is default one: 3,600 seconds#
#2026 09 28 17:57:55.121#Z#DEBUG#0e88cb00-bb66-11f1-bf82-eeee0a9c991c.OPERATION#flowable-async-job-executor-thread-205#
[RestartAppStep] Getting application "warehouse-management"...#
#2026 09 28 17:57:55.164#Z#INFO#0e88cb00-bb66-11f1-bf82-eeee0a9c991c.OPERATION#flowable-async-job-executor-thread-205#
[RestartAppStep] Starting application "warehouse-management"...#
#2026 09 28 17:57:55.180#Z#DEBUG#0e88cb00-bb66-11f1-bf82-eeee0a9c991c.OPERATION#flowable-async-job-executor-thread-205#
[RestartAppStep] Starting application "warehouse-management"...#
#2026 09 28 17:57:55.496#Z#DEBUG#0e88cb00-bb66-11f1-bf82-eeee0a9c991c.OPERATION#flowable-async-job-executor-thread-205#
Step "Start App" finished#
#2026 09 28 17:58:02.600#Z#DEBUG#0e88cb00-bb66-11f1-bf82-eeee0a9c991c.OPERATION#flowable-async-job-executor-thread-663#
[BindServiceToApplicationStep] Executing task "bindServiceToApplicationTask" of process "15fb12e1-bb66-11f1-84b9-eeee0a9de0c0"...#
#2026 09 28 17:58:02.609#Z#DEBUG#0e88cb00-bb66-11f1-bf82-eeee0a9c991c.OPERATION#flowable-async-job-executor-thread-664#
[BindServiceToApplicationStep] Executing task "bindServiceToApplicationTask" of process "16977942-bb66-11f1-958c-eeee0a90448b"...#
#2026 09 28 17:58:02.696#Z#DEBUG#0e88cb00-bb66-11f1-bf82-eeee0a9c991c.OPERATION#flowable-async-job-executor-thread-663#
[BindServiceToApplicationStep] Getting async job "8f2bb08f-bbaf-40b2-85f9-ec8194e4261c"#
#2026 09 28 17:58:02.706#Z#DEBUG#0e88cb00-bb66-11f1-bf82-eeee0a9c991c.OPERATION#flowable-async-job-executor-thread-664#
[BindServiceToApplicationStep] Getting async job "db305bca-5800-4553-be24-c79ebdbb474b"#
#2026 09 28 17:58:02.739#Z#DEBUG#0e88cb00-bb66-11f1-bf82-eeee0a9c991c.OPERATION#flowable-async-job-executor-thread-663#
[BindServiceToApplicationStep] Getting service instance "warehouse-management-db"...#
#2026 09 28 17:58:02.753#Z#DEBUG#0e88cb00-bb66-11f1-bf82-eeee0a9c991c.OPERATION#flowable-async-job-executor-thread-664#
[BindServiceToApplicationStep] Getting service instance "warehouse-management-db"...#
#2026 09 28 17:58:02.854#Z#ERROR#0e88cb00-bb66-11f1-bf82-eeee0a9c991c.OPERATION#flowable-async-job-executor-thread-663#
[BindServiceToApplicationStep] Async operation for service binding "8f2bb08f-bbaf-40b2-85f9-ec8194e4261c" between app "warehouse-management-srv" and service instance "warehouse-management-db" with offering "hana" and plan "hdi-shared" failed with errors: 10009 CF-UnableToPerform create could not be completed: VCAP::CloudController::V3::LastOperationFailedState#
#2026 09 28 17:58:02.865#Z#INFO#0e88cb00-bb66-11f1-bf82-eeee0a9c991c.OPERATION#flowable-async-job-executor-thread-663#
[BindServiceToApplicationStep] Download the MTA operation logs for more details.#
#2026 09 28 17:58:02.872#Z#ERROR#0e88cb00-bb66-11f1-bf82-eeee0a9c991c.OPERATION#flowable-async-job-executor-thread-664#
[BindServiceToApplicationStep] Async operation for service binding "db305bca-5800-4553-be24-c79ebdbb474b" between app "warehouse-management-db-deployer" and service instance "warehouse-management-db" with offering "hana" and plan "hdi-shared" failed with errors: 10009 CF-UnableToPerform create could not be completed: VCAP::CloudController::V3::LastOperationFailedState#
#2026 09 28 17:58:02.873#Z#DEBUG#0e88cb00-bb66-11f1-bf82-eeee0a9c991c.OPERATION#flowable-async-job-executor-thread-663#
Step "Bind Service to Application" finished#
#2026 09 28 17:58:02.886#Z#INFO#0e88cb00-bb66-11f1-bf82-eeee0a9c991c.OPERATION#flowable-async-job-executor-thread-664#
[BindServiceToApplicationStep] Download the MTA operation logs for more details.#
#2026 09 28 17:58:02.896#Z#DEBUG#0e88cb00-bb66-11f1-bf82-eeee0a9c991c.OPERATION#flowable-async-job-executor-thread-664#
Step "Bind Service to Application" finished#
#2026 09 28 17:58:02.630#Z#DEBUG#0e88cb00-bb66-11f1-bf82-eeee0a9c991c.OPERATION#flowable-async-job-executor-thread-665#
[RestartAppStep] Executing task "startAppTask" of process "21e685f7-bb66-11f1-84b9-eeee0a9de0c0"...#
#2026 09 28 17:58:02.636#Z#DEBUG#0e88cb00-bb66-11f1-bf82-eeee0a9c991c.OPERATION#flowable-async-job-executor-thread-665#
[RestartAppStep] Application start timeout is default one: 3,600 seconds#
#2026 09 28 17:58:02.707#Z#DEBUG#0e88cb00-bb66-11f1-bf82-eeee0a9c991c.OPERATION#flowable-async-job-executor-thread-665#
[RestartAppStep] Checking status of application "warehouse-management"...#
#2026 09 28 17:58:02.707#Z#DEBUG#0e88cb00-bb66-11f1-bf82-eeee0a9c991c.OPERATION#flowable-async-job-executor-thread-665#
[RestartAppStep] Getting application "warehouse-management"...#
#2026 09 28 17:58:02.751#Z#DEBUG#0e88cb00-bb66-11f1-bf82-eeee0a9c991c.OPERATION#flowable-async-job-executor-thread-665#
[RestartAppStep] Getting instances for application "warehouse-management"...#
#2026 09 28 17:58:02.830#Z#DEBUG#0e88cb00-bb66-11f1-bf82-eeee0a9c991c.OPERATION#flowable-async-job-executor-thread-665#
[RestartAppStep] Application "warehouse-management": 0 of 1 instances running (1 starting)#
#2026 09 28 17:58:02.925#Z#DEBUG#0e88cb00-bb66-11f1-bf82-eeee0a9c991c.OPERATION#flowable-async-job-executor-thread-665#
Step "Start App" finished#
#2026 09 28 17:58:03.973#Z#DEBUG#0e88cb00-bb66-11f1-bf82-eeee0a9c991c.OPERATION#flowable-async-job-executor-thread-564#
[BindServiceToApplicationStep] Executing task "bindServiceToApplicationTask" of process "15fb12e1-bb66-11f1-84b9-eeee0a9de0c0"...#
#2026 09 28 17:58:03.975#Z#INFO#0e88cb00-bb66-11f1-bf82-eeee0a9c991c.OPERATION#flowable-async-job-executor-thread-564#
[BindServiceToApplicationStep] Binding service instance "warehouse-management-db" to application "warehouse-management-srv"...#
#2026 09 28 17:58:03.988#Z#DEBUG#0e88cb00-bb66-11f1-bf82-eeee0a9c991c.OPERATION#flowable-async-job-executor-thread-564#
[BindServiceToApplicationStep] Binding service instance "warehouse-management-db" to application "warehouse-management-srv" with parameters: { }#
#2026 09 28 17:58:03.988#Z#DEBUG#0e88cb00-bb66-11f1-bf82-eeee0a9c991c.OPERATION#flowable-async-job-executor-thread-565#
[BindServiceToApplicationStep] Executing task "bindServiceToApplicationTask" of process "16977942-bb66-11f1-958c-eeee0a90448b"...#
#2026 09 28 17:58:03.990#Z#INFO#0e88cb00-bb66-11f1-bf82-eeee0a9c991c.OPERATION#flowable-async-job-executor-thread-565#
[BindServiceToApplicationStep] Binding service instance "warehouse-management-db" to application "warehouse-management-db-deployer"...#
#2026 09 28 17:58:04.000#Z#DEBUG#0e88cb00-bb66-11f1-bf82-eeee0a9c991c.OPERATION#flowable-async-job-executor-thread-565#
[BindServiceToApplicationStep] Binding service instance "warehouse-management-db" to application "warehouse-management-db-deployer" with parameters: { }#
#2026 09 28 17:58:04.119#Z#DEBUG#0e88cb00-bb66-11f1-bf82-eeee0a9c991c.OPERATION#flowable-async-job-executor-thread-564#
Step "Bind Service to Application" finished#
#2026 09 28 17:58:04.120#Z#DEBUG#0e88cb00-bb66-11f1-bf82-eeee0a9c991c.OPERATION#flowable-async-job-executor-thread-565#
Step "Bind Service to Application" finished#
#2026 09 28 17:58:12.641#Z#DEBUG#0e88cb00-bb66-11f1-bf82-eeee0a9c991c.OPERATION#flowable-async-job-executor-thread-670#
[BindServiceToApplicationStep] Executing task "bindServiceToApplicationTask" of process "16977942-bb66-11f1-958c-eeee0a90448b"...#
#2026 09 28 17:58:12.645#Z#DEBUG#0e88cb00-bb66-11f1-bf82-eeee0a9c991c.OPERATION#flowable-async-job-executor-thread-669#
[BindServiceToApplicationStep] Executing task "bindServiceToApplicationTask" of process "15fb12e1-bb66-11f1-84b9-eeee0a9de0c0"...#
#2026 09 28 17:58:12.707#Z#DEBUG#0e88cb00-bb66-11f1-bf82-eeee0a9c991c.OPERATION#flowable-async-job-executor-thread-670#
[BindServiceToApplicationStep] Getting async job "e33eb0cc-95c1-4afe-845d-f066de7ada49"#
#2026 09 28 17:58:12.749#Z#DEBUG#0e88cb00-bb66-11f1-bf82-eeee0a9c991c.OPERATION#flowable-async-job-executor-thread-669#
[BindServiceToApplicationStep] Getting async job "895e8516-c36d-4195-83ad-456ed13f90bc"#
#2026 09 28 17:58:12.750#Z#DEBUG#0e88cb00-bb66-11f1-bf82-eeee0a9c991c.OPERATION#flowable-async-job-executor-thread-670#
[BindServiceToApplicationStep] Getting service instance "warehouse-management-db"...#
#2026 09 28 17:58:12.806#Z#DEBUG#0e88cb00-bb66-11f1-bf82-eeee0a9c991c.OPERATION#flowable-async-job-executor-thread-669#
[BindServiceToApplicationStep] Getting service instance "warehouse-management-db"...#
#2026 09 28 17:58:12.888#Z#DEBUG#0e88cb00-bb66-11f1-bf82-eeee0a9c991c.OPERATION#flowable-async-job-executor-thread-670#
[BindServiceToApplicationStep] Async operation of service binding "e33eb0cc-95c1-4afe-845d-f066de7ada49" is in state "POLLING" warnings ""#
#2026 09 28 17:58:12.888#Z#DEBUG#0e88cb00-bb66-11f1-bf82-eeee0a9c991c.OPERATION#flowable-async-job-executor-thread-670#
Step "Bind Service to Application" finished#
#2026 09 28 17:58:12.919#Z#ERROR#0e88cb00-bb66-11f1-bf82-eeee0a9c991c.OPERATION#flowable-async-job-executor-thread-669#
[BindServiceToApplicationStep] Async operation for service binding "895e8516-c36d-4195-83ad-456ed13f90bc" between app "warehouse-management-srv" and service instance "warehouse-management-db" with offering "hana" and plan "hdi-shared" failed with errors: 10009 CF-UnableToPerform create could not be completed: VCAP::CloudController::V3::LastOperationFailedState#
#2026 09 28 17:58:12.929#Z#INFO#0e88cb00-bb66-11f1-bf82-eeee0a9c991c.OPERATION#flowable-async-job-executor-thread-669#
[BindServiceToApplicationStep] Download the MTA operation logs for more details.#
#2026 09 28 17:58:12.939#Z#DEBUG#0e88cb00-bb66-11f1-bf82-eeee0a9c991c.OPERATION#flowable-async-job-executor-thread-669#
Step "Bind Service to Application" finished#
#2026 09 28 17:58:12.670#Z#DEBUG#0e88cb00-bb66-11f1-bf82-eeee0a9c991c.OPERATION#flowable-async-job-executor-thread-671#
[RestartAppStep] Executing task "startAppTask" of process "26548e62-bb66-11f1-958c-eeee0a90448b"...#
#2026 09 28 17:58:12.675#Z#DEBUG#0e88cb00-bb66-11f1-bf82-eeee0a9c991c.OPERATION#flowable-async-job-executor-thread-671#
[RestartAppStep] Application start timeout is default one: 3,600 seconds#
#2026 09 28 17:58:12.747#Z#DEBUG#0e88cb00-bb66-11f1-bf82-eeee0a9c991c.OPERATION#flowable-async-job-executor-thread-671#
[RestartAppStep] Checking status of application "warehouse-management"...#
#2026 09 28 17:58:12.749#Z#DEBUG#0e88cb00-bb66-11f1-bf82-eeee0a9c991c.OPERATION#flowable-async-job-executor-thread-671#
[RestartAppStep] Getting instances for application "warehouse-management"...#
#2026 09 28 17:58:12.873#Z#DEBUG#0e88cb00-bb66-11f1-bf82-eeee0a9c991c.OPERATION#flowable-async-job-executor-thread-671#
[RestartAppStep] Application "warehouse-management": 1 of 1 instances running (1 running)#
#2026 09 28 17:58:12.930#Z#DEBUG#0e88cb00-bb66-11f1-bf82-eeee0a9c991c.OPERATION#flowable-async-job-executor-thread-671#
[RestartAppStep] Getting routes for application "771302de-d443-481b-8eae-700cc4bb0b2f"...#
#2026 09 28 17:58:12.964#Z#INFO#0e88cb00-bb66-11f1-bf82-eeee0a9c991c.OPERATION#flowable-async-job-executor-thread-671#
[RestartAppStep] Application "warehouse-management" started and available at "62e2a895trial-dev-warehouse-management.cfapps.ap21.hana.ondemand.com"#
#2026 09 28 17:58:12.983#Z#DEBUG#0e88cb00-bb66-11f1-bf82-eeee0a9c991c.OPERATION#flowable-async-job-executor-thread-671#
Step "Start App" finished#
#2026 09 28 17:58:13.453#Z#DEBUG#0e88cb00-bb66-11f1-bf82-eeee0a9c991c.OPERATION#flowable-async-job-executor-thread-566#
[BindServiceToApplicationStep] Executing task "bindServiceToApplicationTask" of process "15fb12e1-bb66-11f1-84b9-eeee0a9de0c0"...#
#2026 09 28 17:58:13.456#Z#INFO#0e88cb00-bb66-11f1-bf82-eeee0a9c991c.OPERATION#flowable-async-job-executor-thread-566#
[BindServiceToApplicationStep] Binding service instance "warehouse-management-db" to application "warehouse-management-srv"...#
#2026 09 28 17:58:13.474#Z#DEBUG#0e88cb00-bb66-11f1-bf82-eeee0a9c991c.OPERATION#flowable-async-job-executor-thread-566#
[BindServiceToApplicationStep] Binding service instance "warehouse-management-db" to application "warehouse-management-srv" with parameters: { }#
#2026 09 28 17:58:13.601#Z#DEBUG#0e88cb00-bb66-11f1-bf82-eeee0a9c991c.OPERATION#flowable-async-job-executor-thread-566#
Step "Bind Service to Application" finished#
#2026 09 28 17:58:22.663#Z#DEBUG#0e88cb00-bb66-11f1-bf82-eeee0a9c991c.OPERATION#flowable-async-job-executor-thread-676#
[RestartAppStep] Executing task "startAppTask" of process "2c52fafe-bb66-11f1-958c-eeee0a90448b"...#
#2026 09 28 17:58:22.666#Z#DEBUG#0e88cb00-bb66-11f1-bf82-eeee0a9c991c.OPERATION#flowable-async-job-executor-thread-676#
[RestartAppStep] Application start timeout is default one: 3,600 seconds#
#2026 09 28 17:58:22.667#Z#DEBUG#0e88cb00-bb66-11f1-bf82-eeee0a9c991c.OPERATION#flowable-async-job-executor-thread-676#
Step "Start App" finished#
#2026 09 28 17:58:22.756#Z#DEBUG#0e88cb00-bb66-11f1-bf82-eeee0a9c991c.OPERATION#flowable-async-job-executor-thread-679#
[PrepareToExecuteTasksStep] Executing task "prepareToExecuteTasksTask" of process "321e70d7-bb66-11f1-958c-eeee0a90448b"...#
#2026 09 28 17:58:22.757#Z#DEBUG#0e88cb00-bb66-11f1-bf82-eeee0a9c991c.OPERATION#flowable-async-job-executor-thread-679#
Step "Prepare To Execute Tasks" finished#
#2026 09 28 17:58:22.821#Z#DEBUG#0e88cb00-bb66-11f1-bf82-eeee0a9c991c.OPERATION#flowable-async-job-executor-thread-679#
[PublishConfigurationEntriesStep] Executing task "publishProvidedDependenciesTask" of process "32182f22-bb66-11f1-958c-eeee0a90448b"...#
#2026 09 28 17:58:22.821#Z#DEBUG#0e88cb00-bb66-11f1-bf82-eeee0a9c991c.OPERATION#flowable-async-job-executor-thread-679#
[PublishConfigurationEntriesStep] Publishing public provided dependencies for application "warehouse-management"...#
#2026 09 28 17:58:22.822#Z#DEBUG#0e88cb00-bb66-11f1-bf82-eeee0a9c991c.OPERATION#flowable-async-job-executor-thread-679#
[PublishConfigurationEntriesStep] No public provided dependencies for publishing#
#2026 09 28 17:58:22.822#Z#DEBUG#0e88cb00-bb66-11f1-bf82-eeee0a9c991c.OPERATION#flowable-async-job-executor-thread-679#
Step "Publish Provided Dependencies" finished#
#2026 09 28 17:58:22.858#Z#DEBUG#0e88cb00-bb66-11f1-bf82-eeee0a9c991c.OPERATION#flowable-async-job-executor-thread-679#
[CreateOrUpdateServiceBrokerStep] Executing task "createOrUpdateServiceBrokerTask" of process "32182f22-bb66-11f1-958c-eeee0a90448b"...#
#2026 09 28 17:58:22.860#Z#DEBUG#0e88cb00-bb66-11f1-bf82-eeee0a9c991c.OPERATION#flowable-async-job-executor-thread-679#
[CreateOrUpdateServiceBrokerStep] Creating service brokers...#
#2026 09 28 17:58:22.861#Z#DEBUG#0e88cb00-bb66-11f1-bf82-eeee0a9c991c.OPERATION#flowable-async-job-executor-thread-679#
Step "Create Or Update Service Broker " finished#
#2026 09 28 17:58:22.665#Z#DEBUG#0e88cb00-bb66-11f1-bf82-eeee0a9c991c.OPERATION#flowable-async-job-executor-thread-675#
[BindServiceToApplicationStep] Executing task "bindServiceToApplicationTask" of process "16977942-bb66-11f1-958c-eeee0a90448b"...#
#2026 09 28 17:58:22.706#Z#DEBUG#0e88cb00-bb66-11f1-bf82-eeee0a9c991c.OPERATION#flowable-async-job-executor-thread-677#
[BindServiceToApplicationStep] Executing task "bindServiceToApplicationTask" of process "15fb12e1-bb66-11f1-84b9-eeee0a9de0c0"...#
#2026 09 28 17:58:22.731#Z#DEBUG#0e88cb00-bb66-11f1-bf82-eeee0a9c991c.OPERATION#flowable-async-job-executor-thread-675#
[BindServiceToApplicationStep] Getting async job "e33eb0cc-95c1-4afe-845d-f066de7ada49"#
#2026 09 28 17:58:22.775#Z#DEBUG#0e88cb00-bb66-11f1-bf82-eeee0a9c991c.OPERATION#flowable-async-job-executor-thread-675#
[BindServiceToApplicationStep] Getting service instance "warehouse-management-db"...#
#2026 09 28 17:58:22.783#Z#DEBUG#0e88cb00-bb66-11f1-bf82-eeee0a9c991c.OPERATION#flowable-async-job-executor-thread-677#
[BindServiceToApplicationStep] Getting async job "e795f5ad-921a-467b-b7bf-7b455cd85d06"#
#2026 09 28 17:58:22.834#Z#DEBUG#0e88cb00-bb66-11f1-bf82-eeee0a9c991c.OPERATION#flowable-async-job-executor-thread-677#
[BindServiceToApplicationStep] Getting service instance "warehouse-management-db"...#
#2026 09 28 17:58:22.911#Z#ERROR#0e88cb00-bb66-11f1-bf82-eeee0a9c991c.OPERATION#flowable-async-job-executor-thread-675#
[BindServiceToApplicationStep] Async operation for service binding "e33eb0cc-95c1-4afe-845d-f066de7ada49" between app "warehouse-management-db-deployer" and service instance "warehouse-management-db" with offering "hana" and plan "hdi-shared" failed with errors: 10009 CF-UnableToPerform create could not be completed: VCAP::CloudController::V3::LastOperationFailedState#
#2026 09 28 17:58:22.925#Z#INFO#0e88cb00-bb66-11f1-bf82-eeee0a9c991c.OPERATION#flowable-async-job-executor-thread-675#
[BindServiceToApplicationStep] Download the MTA operation logs for more details.#
#2026 09 28 17:58:22.937#Z#DEBUG#0e88cb00-bb66-11f1-bf82-eeee0a9c991c.OPERATION#flowable-async-job-executor-thread-675#
Step "Bind Service to Application" finished#
#2026 09 28 17:58:22.956#Z#ERROR#0e88cb00-bb66-11f1-bf82-eeee0a9c991c.OPERATION#flowable-async-job-executor-thread-677#
[BindServiceToApplicationStep] Async operation for service binding "e795f5ad-921a-467b-b7bf-7b455cd85d06" between app "warehouse-management-srv" and service instance "warehouse-management-db" with offering "hana" and plan "hdi-shared" failed with errors: 10009 CF-UnableToPerform create could not be completed: VCAP::CloudController::V3::LastOperationFailedState#
#2026 09 28 17:58:22.977#Z#INFO#0e88cb00-bb66-11f1-bf82-eeee0a9c991c.OPERATION#flowable-async-job-executor-thread-677#
[BindServiceToApplicationStep] Download the MTA operation logs for more details.#
#2026 09 28 17:58:22.990#Z#DEBUG#0e88cb00-bb66-11f1-bf82-eeee0a9c991c.OPERATION#flowable-async-job-executor-thread-677#
Step "Bind Service to Application" finished#
#2026 09 28 17:59:01.609#Z#DEBUG#0e88cb00-bb66-11f1-bf82-eeee0a9c991c.OPERATION#flowable-async-job-executor-thread-567#
[BindServiceToApplicationStep] Executing task "bindServiceToApplicationTask" of process "15fb12e1-bb66-11f1-84b9-eeee0a9de0c0"...#
#2026 09 28 17:59:01.611#Z#INFO#0e88cb00-bb66-11f1-bf82-eeee0a9c991c.OPERATION#flowable-async-job-executor-thread-567#
[BindServiceToApplicationStep] Binding service instance "warehouse-management-db" to application "warehouse-management-srv"...#
#2026 09 28 17:59:01.624#Z#DEBUG#0e88cb00-bb66-11f1-bf82-eeee0a9c991c.OPERATION#flowable-async-job-executor-thread-567#
[BindServiceToApplicationStep] Binding service instance "warehouse-management-db" to application "warehouse-management-srv" with parameters: { }#
#2026 09 28 17:59:01.629#Z#DEBUG#0e88cb00-bb66-11f1-bf82-eeee0a9c991c.OPERATION#flowable-async-job-executor-thread-568#
[BindServiceToApplicationStep] Executing task "bindServiceToApplicationTask" of process "16977942-bb66-11f1-958c-eeee0a90448b"...#
#2026 09 28 17:59:01.631#Z#INFO#0e88cb00-bb66-11f1-bf82-eeee0a9c991c.OPERATION#flowable-async-job-executor-thread-568#
[BindServiceToApplicationStep] Binding service instance "warehouse-management-db" to application "warehouse-management-db-deployer"...#
#2026 09 28 17:59:01.642#Z#DEBUG#0e88cb00-bb66-11f1-bf82-eeee0a9c991c.OPERATION#flowable-async-job-executor-thread-568#
[BindServiceToApplicationStep] Binding service instance "warehouse-management-db" to application "warehouse-management-db-deployer" with parameters: { }#
#2026 09 28 17:59:01.776#Z#DEBUG#0e88cb00-bb66-11f1-bf82-eeee0a9c991c.OPERATION#flowable-async-job-executor-thread-567#
Step "Bind Service to Application" finished#
#2026 09 28 17:59:01.804#Z#DEBUG#0e88cb00-bb66-11f1-bf82-eeee0a9c991c.OPERATION#flowable-async-job-executor-thread-568#
Step "Bind Service to Application" finished#
#2026 09 28 17:59:12.692#Z#DEBUG#0e88cb00-bb66-11f1-bf82-eeee0a9c991c.OPERATION#flowable-async-job-executor-thread-682#
[BindServiceToApplicationStep] Executing task "bindServiceToApplicationTask" of process "16977942-bb66-11f1-958c-eeee0a90448b"...#
#2026 09 28 17:59:12.714#Z#DEBUG#0e88cb00-bb66-11f1-bf82-eeee0a9c991c.OPERATION#flowable-async-job-executor-thread-683#
[BindServiceToApplicationStep] Executing task "bindServiceToApplicationTask" of process "15fb12e1-bb66-11f1-84b9-eeee0a9de0c0"...#
#2026 09 28 17:59:12.782#Z#DEBUG#0e88cb00-bb66-11f1-bf82-eeee0a9c991c.OPERATION#flowable-async-job-executor-thread-683#
[BindServiceToApplicationStep] Getting async job "b841c556-829b-41f7-92bd-e3572197ad07"#
#2026 09 28 17:59:12.795#Z#DEBUG#0e88cb00-bb66-11f1-bf82-eeee0a9c991c.OPERATION#flowable-async-job-executor-thread-682#
[BindServiceToApplicationStep] Getting async job "fa826298-02fe-48c6-819b-99942e1100f9"#
#2026 09 28 17:59:12.831#Z#DEBUG#0e88cb00-bb66-11f1-bf82-eeee0a9c991c.OPERATION#flowable-async-job-executor-thread-683#
[BindServiceToApplicationStep] Getting service instance "warehouse-management-db"...#
#2026 09 28 17:59:12.839#Z#DEBUG#0e88cb00-bb66-11f1-bf82-eeee0a9c991c.OPERATION#flowable-async-job-executor-thread-682#
[BindServiceToApplicationStep] Getting service instance "warehouse-management-db"...#
#2026 09 28 17:59:12.944#Z#ERROR#0e88cb00-bb66-11f1-bf82-eeee0a9c991c.OPERATION#flowable-async-job-executor-thread-682#
[BindServiceToApplicationStep] Async operation for service binding "fa826298-02fe-48c6-819b-99942e1100f9" between app "warehouse-management-db-deployer" and service instance "warehouse-management-db" with offering "hana" and plan "hdi-shared" failed with errors: 10009 CF-UnableToPerform create could not be completed: VCAP::CloudController::V3::LastOperationFailedState#
#2026 09 28 17:59:12.966#Z#INFO#0e88cb00-bb66-11f1-bf82-eeee0a9c991c.OPERATION#flowable-async-job-executor-thread-682#
[BindServiceToApplicationStep] Download the MTA operation logs for more details.#
#2026 09 28 17:59:12.984#Z#DEBUG#0e88cb00-bb66-11f1-bf82-eeee0a9c991c.OPERATION#flowable-async-job-executor-thread-682#
Step "Bind Service to Application" finished#
#2026 09 28 17:59:12.988#Z#ERROR#0e88cb00-bb66-11f1-bf82-eeee0a9c991c.OPERATION#flowable-async-job-executor-thread-683#
[BindServiceToApplicationStep] Async operation for service binding "b841c556-829b-41f7-92bd-e3572197ad07" between app "warehouse-management-srv" and service instance "warehouse-management-db" with offering "hana" and plan "hdi-shared" failed with errors: 10009 CF-UnableToPerform create could not be completed: VCAP::CloudController::V3::LastOperationFailedState#
#2026 09 28 17:59:13.007#Z#INFO#0e88cb00-bb66-11f1-bf82-eeee0a9c991c.OPERATION#flowable-async-job-executor-thread-683#
[BindServiceToApplicationStep] Download the MTA operation logs for more details.#
#2026 09 28 17:59:13.016#Z#DEBUG#0e88cb00-bb66-11f1-bf82-eeee0a9c991c.OPERATION#flowable-async-job-executor-thread-683#
Step "Bind Service to Application" finished#
#2026 09 28 17:59:14.067#Z#DEBUG#0e88cb00-bb66-11f1-bf82-eeee0a9c991c.OPERATION#flowable-async-job-executor-thread-569#
[BindServiceToApplicationStep] Executing task "bindServiceToApplicationTask" of process "15fb12e1-bb66-11f1-84b9-eeee0a9de0c0"...#
#2026 09 28 17:59:14.069#Z#INFO#0e88cb00-bb66-11f1-bf82-eeee0a9c991c.OPERATION#flowable-async-job-executor-thread-569#
[BindServiceToApplicationStep] Binding service instance "warehouse-management-db" to application "warehouse-management-srv"...#
#2026 09 28 17:59:14.080#Z#DEBUG#0e88cb00-bb66-11f1-bf82-eeee0a9c991c.OPERATION#flowable-async-job-executor-thread-569#
[BindServiceToApplicationStep] Binding service instance "warehouse-management-db" to application "warehouse-management-srv" with parameters: { }#
#2026 09 28 17:59:14.082#Z#DEBUG#0e88cb00-bb66-11f1-bf82-eeee0a9c991c.OPERATION#flowable-async-job-executor-thread-570#
[BindServiceToApplicationStep] Executing task "bindServiceToApplicationTask" of process "16977942-bb66-11f1-958c-eeee0a90448b"...#
#2026 09 28 17:59:14.084#Z#INFO#0e88cb00-bb66-11f1-bf82-eeee0a9c991c.OPERATION#flowable-async-job-executor-thread-570#
[BindServiceToApplicationStep] Binding service instance "warehouse-management-db" to application "warehouse-management-db-deployer"...#
#2026 09 28 17:59:14.093#Z#DEBUG#0e88cb00-bb66-11f1-bf82-eeee0a9c991c.OPERATION#flowable-async-job-executor-thread-570#
[BindServiceToApplicationStep] Binding service instance "warehouse-management-db" to application "warehouse-management-db-deployer" with parameters: { }#
#2026 09 28 17:59:14.235#Z#DEBUG#0e88cb00-bb66-11f1-bf82-eeee0a9c991c.OPERATION#flowable-async-job-executor-thread-569#
Step "Bind Service to Application" finished#
#2026 09 28 17:59:14.240#Z#DEBUG#0e88cb00-bb66-11f1-bf82-eeee0a9c991c.OPERATION#flowable-async-job-executor-thread-570#
Step "Bind Service to Application" finished#
#2026 09 28 17:59:22.726#Z#DEBUG#0e88cb00-bb66-11f1-bf82-eeee0a9c991c.OPERATION#flowable-async-job-executor-thread-686#
[BindServiceToApplicationStep] Executing task "bindServiceToApplicationTask" of process "16977942-bb66-11f1-958c-eeee0a90448b"...#
#2026 09 28 17:59:22.762#Z#DEBUG#0e88cb00-bb66-11f1-bf82-eeee0a9c991c.OPERATION#flowable-async-job-executor-thread-687#
[BindServiceToApplicationStep] Executing task "bindServiceToApplicationTask" of process "15fb12e1-bb66-11f1-84b9-eeee0a9de0c0"...#
#2026 09 28 17:59:22.804#Z#DEBUG#0e88cb00-bb66-11f1-bf82-eeee0a9c991c.OPERATION#flowable-async-job-executor-thread-686#
[BindServiceToApplicationStep] Getting async job "70c106c8-f18a-48b3-b14c-c04f32099b13"#
#2026 09 28 17:59:22.832#Z#DEBUG#0e88cb00-bb66-11f1-bf82-eeee0a9c991c.OPERATION#flowable-async-job-executor-thread-687#
[BindServiceToApplicationStep] Getting async job "7b25d159-d202-4c8f-93a4-7178ffbba5ea"#
#2026 09 28 17:59:22.851#Z#DEBUG#0e88cb00-bb66-11f1-bf82-eeee0a9c991c.OPERATION#flowable-async-job-executor-thread-686#
[BindServiceToApplicationStep] Getting service instance "warehouse-management-db"...#
#2026 09 28 17:59:22.883#Z#DEBUG#0e88cb00-bb66-11f1-bf82-eeee0a9c991c.OPERATION#flowable-async-job-executor-thread-687#
[BindServiceToApplicationStep] Getting service instance "warehouse-management-db"...#
#2026 09 28 17:59:22.955#Z#DEBUG#0e88cb00-bb66-11f1-bf82-eeee0a9c991c.OPERATION#flowable-async-job-executor-thread-686#
[BindServiceToApplicationStep] Async operation of service binding "70c106c8-f18a-48b3-b14c-c04f32099b13" is in state "POLLING" warnings ""#
#2026 09 28 17:59:22.955#Z#DEBUG#0e88cb00-bb66-11f1-bf82-eeee0a9c991c.OPERATION#flowable-async-job-executor-thread-686#
Step "Bind Service to Application" finished#
#2026 09 28 17:59:23.011#Z#ERROR#0e88cb00-bb66-11f1-bf82-eeee0a9c991c.OPERATION#flowable-async-job-executor-thread-687#
[BindServiceToApplicationStep] Async operation for service binding "7b25d159-d202-4c8f-93a4-7178ffbba5ea" between app "warehouse-management-srv" and service instance "warehouse-management-db" with offering "hana" and plan "hdi-shared" failed with errors: 10009 CF-UnableToPerform create could not be completed: VCAP::CloudController::V3::LastOperationFailedState#
#2026 09 28 17:59:23.024#Z#INFO#0e88cb00-bb66-11f1-bf82-eeee0a9c991c.OPERATION#flowable-async-job-executor-thread-687#
[BindServiceToApplicationStep] Download the MTA operation logs for more details.#
#2026 09 28 17:59:23.033#Z#DEBUG#0e88cb00-bb66-11f1-bf82-eeee0a9c991c.OPERATION#flowable-async-job-executor-thread-687#
Step "Bind Service to Application" finished#
#2026 09 28 17:59:23.454#Z#DEBUG#0e88cb00-bb66-11f1-bf82-eeee0a9c991c.OPERATION#flowable-async-job-executor-thread-571#
[BindServiceToApplicationStep] Executing task "bindServiceToApplicationTask" of process "15fb12e1-bb66-11f1-84b9-eeee0a9de0c0"...#
#2026 09 28 17:59:23.456#Z#INFO#0e88cb00-bb66-11f1-bf82-eeee0a9c991c.OPERATION#flowable-async-job-executor-thread-571#
[BindServiceToApplicationStep] Binding service instance "warehouse-management-db" to application "warehouse-management-srv"...#
#2026 09 28 17:59:23.467#Z#DEBUG#0e88cb00-bb66-11f1-bf82-eeee0a9c991c.OPERATION#flowable-async-job-executor-thread-571#
[BindServiceToApplicationStep] Binding service instance "warehouse-management-db" to application "warehouse-management-srv" with parameters: { }#
#2026 09 28 17:59:23.614#Z#DEBUG#0e88cb00-bb66-11f1-bf82-eeee0a9c991c.OPERATION#flowable-async-job-executor-thread-571#
Step "Bind Service to Application" finished#
#2026 09 28 17:59:32.731#Z#DEBUG#0e88cb00-bb66-11f1-bf82-eeee0a9c991c.OPERATION#flowable-async-job-executor-thread-690#
[BindServiceToApplicationStep] Executing task "bindServiceToApplicationTask" of process "16977942-bb66-11f1-958c-eeee0a90448b"...#
#2026 09 28 17:59:32.755#Z#DEBUG#0e88cb00-bb66-11f1-bf82-eeee0a9c991c.OPERATION#flowable-async-job-executor-thread-691#
[BindServiceToApplicationStep] Executing task "bindServiceToApplicationTask" of process "15fb12e1-bb66-11f1-84b9-eeee0a9de0c0"...#
#2026 09 28 17:59:32.812#Z#DEBUG#0e88cb00-bb66-11f1-bf82-eeee0a9c991c.OPERATION#flowable-async-job-executor-thread-690#
[BindServiceToApplicationStep] Getting async job "70c106c8-f18a-48b3-b14c-c04f32099b13"#
#2026 09 28 17:59:32.839#Z#DEBUG#0e88cb00-bb66-11f1-bf82-eeee0a9c991c.OPERATION#flowable-async-job-executor-thread-691#
[BindServiceToApplicationStep] Getting async job "fce8fa41-497d-4ebc-b1d1-7ff7f03f1ecc"#
#2026 09 28 17:59:32.855#Z#DEBUG#0e88cb00-bb66-11f1-bf82-eeee0a9c991c.OPERATION#flowable-async-job-executor-thread-690#
[BindServiceToApplicationStep] Getting service instance "warehouse-management-db"...#
#2026 09 28 17:59:32.891#Z#DEBUG#0e88cb00-bb66-11f1-bf82-eeee0a9c991c.OPERATION#flowable-async-job-executor-thread-691#
[BindServiceToApplicationStep] Getting service instance "warehouse-management-db"...#
#2026 09 28 17:59:32.968#Z#ERROR#0e88cb00-bb66-11f1-bf82-eeee0a9c991c.OPERATION#flowable-async-job-executor-thread-690#
[BindServiceToApplicationStep] Async operation for service binding "70c106c8-f18a-48b3-b14c-c04f32099b13" between app "warehouse-management-db-deployer" and service instance "warehouse-management-db" with offering "hana" and plan "hdi-shared" failed with errors: 10009 CF-UnableToPerform create could not be completed: VCAP::CloudController::V3::LastOperationFailedState#
#2026 09 28 17:59:32.978#Z#INFO#0e88cb00-bb66-11f1-bf82-eeee0a9c991c.OPERATION#flowable-async-job-executor-thread-690#
[BindServiceToApplicationStep] Download the MTA operation logs for more details.#
#2026 09 28 17:59:32.987#Z#DEBUG#0e88cb00-bb66-11f1-bf82-eeee0a9c991c.OPERATION#flowable-async-job-executor-thread-690#
Step "Bind Service to Application" finished#
#2026 09 28 17:59:33.002#Z#ERROR#0e88cb00-bb66-11f1-bf82-eeee0a9c991c.OPERATION#flowable-async-job-executor-thread-691#
[BindServiceToApplicationStep] Async operation for service binding "fce8fa41-497d-4ebc-b1d1-7ff7f03f1ecc" between app "warehouse-management-srv" and service instance "warehouse-management-db" with offering "hana" and plan "hdi-shared" failed with errors: 10009 CF-UnableToPerform create could not be completed: VCAP::CloudController::V3::LastOperationFailedState#
#2026 09 28 17:59:33.012#Z#INFO#0e88cb00-bb66-11f1-bf82-eeee0a9c991c.OPERATION#flowable-async-job-executor-thread-691#
[BindServiceToApplicationStep] Download the MTA operation logs for more details.#
#2026 09 28 17:59:33.022#Z#DEBUG#0e88cb00-bb66-11f1-bf82-eeee0a9c991c.OPERATION#flowable-async-job-executor-thread-691#
Step "Bind Service to Application" finished#
#2026 09 28 17:59:35.839#Z#DEBUG#0e88cb00-bb66-11f1-bf82-eeee0a9c991c.OPERATION#flowable-async-job-executor-thread-572#
[BindServiceToApplicationStep] Executing task "bindServiceToApplicationTask" of process "15fb12e1-bb66-11f1-84b9-eeee0a9de0c0"...#
#2026 09 28 17:59:35.841#Z#INFO#0e88cb00-bb66-11f1-bf82-eeee0a9c991c.OPERATION#flowable-async-job-executor-thread-572#
[BindServiceToApplicationStep] Binding service instance "warehouse-management-db" to application "warehouse-management-srv"...#
#2026 09 28 17:59:35.853#Z#DEBUG#0e88cb00-bb66-11f1-bf82-eeee0a9c991c.OPERATION#flowable-async-job-executor-thread-573#
[BindServiceToApplicationStep] Executing task "bindServiceToApplicationTask" of process "16977942-bb66-11f1-958c-eeee0a90448b"...#
#2026 09 28 17:59:35.856#Z#INFO#0e88cb00-bb66-11f1-bf82-eeee0a9c991c.OPERATION#flowable-async-job-executor-thread-573#
[BindServiceToApplicationStep] Binding service instance "warehouse-management-db" to application "warehouse-management-db-deployer"...#
#2026 09 28 17:59:35.856#Z#DEBUG#0e88cb00-bb66-11f1-bf82-eeee0a9c991c.OPERATION#flowable-async-job-executor-thread-572#
[BindServiceToApplicationStep] Binding service instance "warehouse-management-db" to application "warehouse-management-srv" with parameters: { }#
#2026 09 28 17:59:35.867#Z#DEBUG#0e88cb00-bb66-11f1-bf82-eeee0a9c991c.OPERATION#flowable-async-job-executor-thread-573#
[BindServiceToApplicationStep] Binding service instance "warehouse-management-db" to application "warehouse-management-db-deployer" with parameters: { }#
#2026 09 28 17:59:36.002#Z#DEBUG#0e88cb00-bb66-11f1-bf82-eeee0a9c991c.OPERATION#flowable-async-job-executor-thread-573#
Step "Bind Service to Application" finished#
#2026 09 28 17:59:36.009#Z#DEBUG#0e88cb00-bb66-11f1-bf82-eeee0a9c991c.OPERATION#flowable-async-job-executor-thread-572#
Step "Bind Service to Application" finished#
#2026 09 28 17:59:42.762#Z#DEBUG#0e88cb00-bb66-11f1-bf82-eeee0a9c991c.OPERATION#flowable-async-job-executor-thread-696#
[BindServiceToApplicationStep] Executing task "bindServiceToApplicationTask" of process "15fb12e1-bb66-11f1-84b9-eeee0a9de0c0"...#
#2026 09 28 17:59:42.793#Z#DEBUG#0e88cb00-bb66-11f1-bf82-eeee0a9c991c.OPERATION#flowable-async-job-executor-thread-697#
[BindServiceToApplicationStep] Executing task "bindServiceToApplicationTask" of process "16977942-bb66-11f1-958c-eeee0a90448b"...#
#2026 09 28 17:59:42.839#Z#DEBUG#0e88cb00-bb66-11f1-bf82-eeee0a9c991c.OPERATION#flowable-async-job-executor-thread-696#
[BindServiceToApplicationStep] Getting async job "2f179870-decb-40e7-a7e1-34d72575fefe"#
#2026 09 28 17:59:42.858#Z#DEBUG#0e88cb00-bb66-11f1-bf82-eeee0a9c991c.OPERATION#flowable-async-job-executor-thread-697#
[BindServiceToApplicationStep] Getting async job "983ab1d1-9437-4ee3-8765-b3c6cc33542a"#
#2026 09 28 17:59:42.882#Z#DEBUG#0e88cb00-bb66-11f1-bf82-eeee0a9c991c.OPERATION#flowable-async-job-executor-thread-696#
[BindServiceToApplicationStep] Getting service instance "warehouse-management-db"...#
#2026 09 28 17:59:42.901#Z#DEBUG#0e88cb00-bb66-11f1-bf82-eeee0a9c991c.OPERATION#flowable-async-job-executor-thread-697#
[BindServiceToApplicationStep] Getting service instance "warehouse-management-db"...#
#2026 09 28 17:59:42.987#Z#DEBUG#0e88cb00-bb66-11f1-bf82-eeee0a9c991c.OPERATION#flowable-async-job-executor-thread-696#
[BindServiceToApplicationStep] Async operation of service binding "2f179870-decb-40e7-a7e1-34d72575fefe" is in state "POLLING" warnings ""#
#2026 09 28 17:59:42.987#Z#DEBUG#0e88cb00-bb66-11f1-bf82-eeee0a9c991c.OPERATION#flowable-async-job-executor-thread-696#
Step "Bind Service to Application" finished#
#2026 09 28 17:59:43.012#Z#ERROR#0e88cb00-bb66-11f1-bf82-eeee0a9c991c.OPERATION#flowable-async-job-executor-thread-697#
[BindServiceToApplicationStep] Async operation for service binding "983ab1d1-9437-4ee3-8765-b3c6cc33542a" between app "warehouse-management-db-deployer" and service instance "warehouse-management-db" with offering "hana" and plan "hdi-shared" failed with errors: 10009 CF-UnableToPerform create could not be completed: VCAP::CloudController::V3::LastOperationFailedState#
#2026 09 28 17:59:43.022#Z#INFO#0e88cb00-bb66-11f1-bf82-eeee0a9c991c.OPERATION#flowable-async-job-executor-thread-697#
[BindServiceToApplicationStep] Download the MTA operation logs for more details.#
#2026 09 28 17:59:43.031#Z#DEBUG#0e88cb00-bb66-11f1-bf82-eeee0a9c991c.OPERATION#flowable-async-job-executor-thread-697#
Step "Bind Service to Application" finished#
#2026 09 28 17:59:52.788#Z#DEBUG#0e88cb00-bb66-11f1-bf82-eeee0a9c991c.OPERATION#flowable-async-job-executor-thread-700#
[BindServiceToApplicationStep] Executing task "bindServiceToApplicationTask" of process "15fb12e1-bb66-11f1-84b9-eeee0a9de0c0"...#
#2026 09 28 17:59:52.884#Z#DEBUG#0e88cb00-bb66-11f1-bf82-eeee0a9c991c.OPERATION#flowable-async-job-executor-thread-700#
[BindServiceToApplicationStep] Getting async job "2f179870-decb-40e7-a7e1-34d72575fefe"#
#2026 09 28 17:59:52.927#Z#DEBUG#0e88cb00-bb66-11f1-bf82-eeee0a9c991c.OPERATION#flowable-async-job-executor-thread-700#
[BindServiceToApplicationStep] Getting service instance "warehouse-management-db"...#
#2026 09 28 17:59:53.034#Z#ERROR#0e88cb00-bb66-11f1-bf82-eeee0a9c991c.OPERATION#flowable-async-job-executor-thread-700#
[BindServiceToApplicationStep] Async operation for service binding "2f179870-decb-40e7-a7e1-34d72575fefe" between app "warehouse-management-srv" and service instance "warehouse-management-db" with offering "hana" and plan "hdi-shared" failed with errors: 10009 CF-UnableToPerform create could not be completed: VCAP::CloudController::V3::LastOperationFailedState#
#2026 09 28 17:59:53.043#Z#INFO#0e88cb00-bb66-11f1-bf82-eeee0a9c991c.OPERATION#flowable-async-job-executor-thread-700#
[BindServiceToApplicationStep] Download the MTA operation logs for more details.#
#2026 09 28 17:59:53.053#Z#DEBUG#0e88cb00-bb66-11f1-bf82-eeee0a9c991c.OPERATION#flowable-async-job-executor-thread-700#
Step "Bind Service to Application" finished#
